page_number,line_number,event_number,event_name,athlete_name,age,club_name,rank_position,seed_time_text,result_time_text,result_time_ms,status,raw_line
1,6,1,women 20-24 200 LC Meter individual_medley,"Avila, Sofia",21,Orinoco Swim,1,"4:00,00","3:49,52",229520,valid,"1 Avila, Sofia 21 Orinoco Swim 4:00,00 3:49,52"
1,8,1,women 25-29 200 LC Meter individual_medley,"Mellado, Ana Laura",25,Aquaclub Maipu,1,"3:16,90","3:12,93",192930,valid,"1 Mellado, Ana Laura 25 Aquaclub Maipu 3:16,90 3:12,93"
1,9,1,women 25-29 200 LC Meter individual_medley,"Ubilla, Catalina",29,Penñalolen Master,2,"3:15,00","3:16,40",196400,valid,"2 Ubilla, Catalina 29 Penñalolen Master 3:15,00 3:16,40"
1,10,1,women 25-29 200 LC Meter individual_medley,"Nunñez, Manuela",29,Master Providencia,3,"3:25,00","3:23,89",203890,valid,"3 Nunñez, Manuela 29 Master Providencia 3:25,00 3:23,89"
1,11,1,women 25-29 200 LC Meter individual_medley,"Rivera, Sofia",29,Calambre Swim Team,4,"3:40,00","3:31,88",211880,valid,"4 Rivera, Sofia 29 Calambre Swim Team 3:40,00 3:31,88"
1,12,1,women 25-29 200 LC Meter individual_medley,"Araya, Sofia",27,100 por Ciento Swim,5,NT,"3:37,32",217320,valid,"5 Araya, Sofia 27 100 por Ciento Swim NT 3:37,32"
1,13,1,women 25-29 200 LC Meter individual_medley,"Carter, Daniela",28,Penñalolen Master,6,"7:00,00","4:27,27",267270,valid,"6 Carter, Daniela 28 Penñalolen Master 7:00,00 4:27,27"
1,15,1,women 30-34 200 LC Meter individual_medley,"Ramirez, Carolina Isabel",33,Club Deportivo UC,1,"4:00,00","3:45,92",225920,valid,"1 Ramirez, Carolina Isabel 33 Club Deportivo UC 4:00,00 3:45,92"
1,16,1,women 30-34 200 LC Meter individual_medley,"Lopez, Diane",30,Pedro Aguirre Cerda,2,"3:30,00","3:48,56",228560,valid,"2 Lopez, Diane 30 Pedro Aguirre Cerda 3:30,00 3:48,56"
1,17,1,women 30-34 200 LC Meter individual_medley,"Herrera Rojas, Gema",34,Penñalolen Master,3,"4:27,00","4:07,23",247230,valid,"3 Herrera Rojas, Gema 34 Penñalolen Master 4:27,00 4:07,23"
1,19,1,women 35-39 200 LC Meter individual_medley,"Vacher, Francisca",35,Golden,1,"3:10,00","3:09,93",189930,valid,"1 Vacher, Francisca 35 Golden 3:10,00 3:09,93"
1,21,1,women 40-44 200 LC Meter individual_medley,"Velasquez, Lenismar",44,Natacion Master Recoleta,1,"3:54,19","3:59,07",239070,valid,"1 Velasquez, Lenismar 44 Natacion Master Recoleta 3:54,19 3:59,07"
1,23,1,women 45-49 200 LC Meter individual_medley,"Guadalupe, Paula",48,Master Providencia,1,"3:20,00","3:11,11",191110,valid,"1 Guadalupe, Paula 48 Master Providencia 3:20,00 3:11,11"
1,24,1,women 45-49 200 LC Meter individual_medley,"Arriola, Silvia",45,Aquaclub Maipu,2,"2:47,00","3:16,65",196650,valid,"2 Arriola, Silvia 45 Aquaclub Maipu 2:47,00 3:16,65"
1,25,1,women 45-49 200 LC Meter individual_medley,"Aguilar, Glaisa",48,Nunoa Master,3,"4:06,70","3:54,02",234020,valid,"3 Aguilar, Glaisa 48 Nunoa Master 4:06,70 3:54,02"
1,27,1,women 50-54 200 LC Meter individual_medley,"Tapia, Julieta",51,Master Providencia,1,"4:20,00","4:16,90",256900,valid,"1 Tapia, Julieta 51 Master Providencia 4:20,00 4:16,90"
1,28,1,women 50-54 200 LC Meter individual_medley,"Sepulveda, Francesca",51,Calambre Swim Team,2,"4:53,00","4:44,38",284380,valid,"2 Sepulveda, Francesca 51 Calambre Swim Team 4:53,00 4:44,38"
1,30,1,women 55-59 200 LC Meter individual_medley,"Perez, Paulina",56,Natacion Master Recoleta,1,"4:53,75","4:43,17",283170,valid,"1 Perez, Paulina 56 Natacion Master Recoleta 4:53,75 4:43,17"
1,32,1,women 60-64 200 LC Meter individual_medley,"Case, Cynthia",64,Master Providencia,1,"3:45,00","3:36,86",216860,valid,"1 Case, Cynthia 64 Master Providencia 3:45,00 3:36,86"
1,33,1,women 60-64 200 LC Meter individual_medley,"Loayza, Alejandra",61,Master Providencia,2,"3:55,00","3:52,68",232680,valid,"2 Loayza, Alejandra 61 Master Providencia 3:55,00 3:52,68"
1,34,1,women 60-64 200 LC Meter individual_medley,"Torres, Sandra",62,Penñalolen Master,3,"4:50,00","4:50,35",290350,valid,"3 Torres, Sandra 62 Penñalolen Master 4:50,00 4:50,35"
1,35,1,women 60-64 200 LC Meter individual_medley,"Valdivia, Adriana",63,Penñalolen Master,4,"7:00,00","6:00,76",360760,valid,"4 Valdivia, Adriana 63 Penñalolen Master 7:00,00 6:00,76"
1,37,1,women 65-69 200 LC Meter individual_medley,"Fuentes, Paulina",65,Club Koyaique,1,"3:45,00","3:51,56",231560,valid,"1 Fuentes, Paulina 65 Club Koyaique 3:45,00 3:51,56"
1,38,1,women 65-69 200 LC Meter individual_medley,"Concha, Elizabeth",68,Nunoa Master,2,"3:54,00","5:47,02",347020,valid,"2 Concha, Elizabeth 68 Nunoa Master 3:54,00 5:47,02"
1,40,2,men 20-24 200 LC Meter individual_medley,"Gonzalez, Joaquin",23,Natacion Master Recoleta,1,"3:20,00","3:26,11",206110,valid,"1 Gonzalez, Joaquin 23 Natacion Master Recoleta 3:20,00 3:26,11"
1,41,2,men 20-24 200 LC Meter individual_medley,"Moron, Martin",22,Azul Natacion Mendoza,2,"4:00,00","3:48,79",228790,valid,"2 Moron, Martin 22 Azul Natacion Mendoza 4:00,00 3:48,79"
1,43,2,men 25-29 200 LC Meter individual_medley,"Silva, Benjamin",25,Natacion Master Recoleta,1,"2:56,15","2:58,75",178750,valid,"1 Silva, Benjamin 25 Natacion Master Recoleta 2:56,15 2:58,75"
1,44,2,men 25-29 200 LC Meter individual_medley,"Moreno, Julian",29,Aquaclub Maipu,2,"3:00,37","3:00,45",180450,valid,"2 Moreno, Julian 29 Aquaclub Maipu 3:00,37 3:00,45"
1,45,2,men 25-29 200 LC Meter individual_medley,"Gonzalez, Daniel",27,Nunoa Master,3,"2:39,09","3:14,02",194020,valid,"3 Gonzalez, Daniel 27 Nunoa Master 2:39,09 3:14,02"
1,46,2,men 25-29 200 LC Meter individual_medley,"Meneses, Felipe",27,Pedro Aguirre Cerda,4,"3:06,80","3:21,99",201990,valid,"4 Meneses, Felipe 27 Pedro Aguirre Cerda 3:06,80 3:21,99"
1,47,2,men 25-29 200 LC Meter individual_medley,"Walder, Raul",26,100 por Ciento Swim,5,NT,"4:11,52",251520,valid,"5 Walder, Raul 26 100 por Ciento Swim NT 4:11,52"
1,49,2,men 30-34 200 LC Meter individual_medley,"Castellano, Ricardo",31,Nunoa Master,1,"2:55,50","2:48,30",168300,valid,"1 Castellano, Ricardo 31 Nunoa Master 2:55,50 2:48,30"
1,50,2,men 30-34 200 LC Meter individual_medley,"Sayago, Alexis",33,Nunoa Master,2,"3:07,16","3:20,24",200240,valid,"2 Sayago, Alexis 33 Nunoa Master 3:07,16 3:20,24"
2,5,2,men 30-34 200 LC Meter individual_medley,"Miranda, Milanch",33,Calambre Swim Team,3,"4:00,00","3:50,37",230370,valid,"3 Miranda, Milanch 33 Calambre Swim Team 4:00,00 3:50,37"
2,7,2,men 35-39 200 LC Meter individual_medley,"Guajardo, Juan Pablo",39,Penñalolen Master,1,"4:00,00","3:29,11",209110,valid,"1 Guajardo, Juan Pablo 39 Penñalolen Master 4:00,00 3:29,11"
2,8,2,men 35-39 200 LC Meter individual_medley,"Aguilera, Juan Carlos",37,Master Providencia,2,"4:15,00","3:51,81",231810,valid,"2 Aguilera, Juan Carlos 37 Master Providencia 4:15,00 3:51,81"
2,9,2,men 35-39 200 LC Meter individual_medley,"Curihuinca, Camilo",35,Natacion Master Recoleta,3,"4:38,00","4:35,60",275600,valid,"3 Curihuinca, Camilo 35 Natacion Master Recoleta 4:38,00 4:35,60"
2,11,2,men 40-44 200 LC Meter individual_medley,"Olivares, Pedro",43,Golden,1,"2:50,00","2:49,32",169320,valid,"1 Olivares, Pedro 43 Golden 2:50,00 2:49,32"
2,12,2,men 40-44 200 LC Meter individual_medley,"Gomez, Carlos",43,Nunoa Master,2,"2:56,11","2:56,17",176170,valid,"2 Gomez, Carlos 43 Nunoa Master 2:56,11 2:56,17"
2,13,2,men 40-44 200 LC Meter individual_medley,"Bricenño, Carlos",41,100 por Ciento Swim,3,NT,"2:57,98",177980,valid,"3 Bricenño, Carlos 41 100 por Ciento Swim NT 2:57,98"
2,14,2,men 40-44 200 LC Meter individual_medley,"Peralta, Leonardo",43,Aquaclub Maipu,4,"2:51,68","2:59,32",179320,valid,"4 Peralta, Leonardo 43 Aquaclub Maipu 2:51,68 2:59,32"
2,15,2,men 40-44 200 LC Meter individual_medley,"Torres, Renzo",42,Natacion Master Recoleta,5,"3:36,00","3:17,78",197780,valid,"5 Torres, Renzo 42 Natacion Master Recoleta 3:36,00 3:17,78"
2,16,2,men 40-44 200 LC Meter individual_medley,"Garzon, Jean",41,Master Providencia,6,"3:00,00","3:18,52",198520,valid,"6 Garzon, Jean 41 Master Providencia 3:00,00 3:18,52"
2,18,2,men 45-49 200 LC Meter individual_medley,"Garcia, Alexis",48,Penñalolen Master,1,"3:00,00","3:03,73",183730,valid,"1 Garcia, Alexis 48 Penñalolen Master 3:00,00 3:03,73"
2,19,2,men 45-49 200 LC Meter individual_medley,"Cerrada, Yorggyn",47,Natacion Master Recoleta,2,"3:25,00","3:29,27",209270,valid,"2 Cerrada, Yorggyn 47 Natacion Master Recoleta 3:25,00 3:29,27"
2,20,2,men 45-49 200 LC Meter individual_medley,"Parada, Oscar",48,Nunoa Master,3,"3:58,42","4:04,89",244890,valid,"3 Parada, Oscar 48 Nunoa Master 3:58,42 4:04,89"
2,22,2,men 50-54 200 LC Meter individual_medley,"Gutierrez Oliveros, Luis",52,Club Deportivo UC,1,"3:10,43","3:10,33",190330,valid,"1 Gutierrez Oliveros, Luis 52 Club Deportivo UC 3:10,43 3:10,33"
2,23,2,men 50-54 200 LC Meter individual_medley,"Matulic L, Wladimir",53,Club Deportivo UC,2,"3:25,38","3:20,98",200980,valid,"2 Matulic L, Wladimir 53 Club Deportivo UC 3:25,38 3:20,98"
2,24,2,men 50-54 200 LC Meter individual_medley,"Sevil, Angel",54,Penñalolen Master,3,"3:40,00","3:30,56",210560,valid,"3 Sevil, Angel 54 Penñalolen Master 3:40,00 3:30,56"
2,25,2,men 50-54 200 LC Meter individual_medley,"Medina, Carlos",53,Master Providencia,4,"7:30,00","6:26,19",386190,valid,"4 Medina, Carlos 53 Master Providencia 7:30,00 6:26,19"
2,27,2,men 55-59 200 LC Meter individual_medley,"Briones, Eduardo",57,Master Providencia,1,"2:55,00","2:55,10",175100,valid,"1 Briones, Eduardo 57 Master Providencia 2:55,00 2:55,10"
2,28,2,men 55-59 200 LC Meter individual_medley,"Montes, Eduardo",56,Master Providencia,2,"4:15,00","4:15,75",255750,valid,"2 Montes, Eduardo 56 Master Providencia 4:15,00 4:15,75"
2,29,2,men 55-59 200 LC Meter individual_medley,"Velazquez, Orlando",56,Aquaclub Maipu,3,"5:41,74","6:09,57",369570,valid,"3 Velazquez, Orlando 56 Aquaclub Maipu 5:41,74 6:09,57"
2,31,2,men 60-64 200 LC Meter individual_medley,"Jimenez, Andres",61,Natacion Master Buin,1,"3:47,00","3:51,73",231730,valid,"1 Jimenez, Andres 61 Natacion Master Buin 3:47,00 3:51,73"
2,32,2,men 60-64 200 LC Meter individual_medley,"Aguirre, Jose Ignacio",64,Penñalolen Master,2,"4:10,00","4:19,69",259690,valid,"2 Aguirre, Jose Ignacio 64 Penñalolen Master 4:10,00 4:19,69"
2,33,2,men 60-64 200 LC Meter individual_medley,"Vargas, Jose Luis",60,Golden,3,"4:59,27","5:06,19",306190,valid,"3 Vargas, Jose Luis 60 Golden 4:59,27 5:06,19"
2,35,3,women 19 & Under 50 LC Meter butterfly,"Chertcoff, Victoria",18,Agua Plena San Rafael,1,"40,00","41,38",41380,valid,"1 Chertcoff, Victoria 18 Agua Plena San Rafael 40,00 41,38"
2,37,3,women 20-24 50 LC Meter butterfly,"Guinñazu, Selene",21,Aquaclub Maipu,1,"45,05","45,64",45640,valid,"1 Guinñazu, Selene 21 Aquaclub Maipu 45,05 45,64"
2,38,3,women 20-24 50 LC Meter butterfly,"Avila, Sofia",21,Orinoco Swim,2,"48,99","48,86",48860,valid,"2 Avila, Sofia 21 Orinoco Swim 48,99 48,86"
2,40,3,women 25-29 50 LC Meter butterfly,"Dave, Gisela",28,Aquaclub Maipu,1,"36,13","35,93",35930,valid,"1 Dave, Gisela 28 Aquaclub Maipu 36,13 35,93"
2,41,3,women 25-29 50 LC Meter butterfly,"Mellado, Ana Laura",25,Aquaclub Maipu,2,"36,77","36,07",36070,valid,"2 Mellado, Ana Laura 25 Aquaclub Maipu 36,77 36,07"
2,42,3,women 25-29 50 LC Meter butterfly,"Ubilla, Catalina",29,Penñalolen Master,3,"37,00","38,68",38680,valid,"3 Ubilla, Catalina 29 Penñalolen Master 37,00 38,68"
2,43,3,women 25-29 50 LC Meter butterfly,"Araya, Sofia",27,100 por Ciento Swim,4,"44,00","44,04",44040,valid,"4 Araya, Sofia 27 100 por Ciento Swim 44,00 44,04"
2,44,3,women 25-29 50 LC Meter butterfly,"Tapia, Maria Jesus",25,Natacion Master Recoleta,5,"54,01","53,97",53970,valid,"5 Tapia, Maria Jesus 25 Natacion Master Recoleta 54,01 53,97"
2,45,3,women 25-29 50 LC Meter butterfly,"Farias, Thiare",27,Pedro Aguirre Cerda,6,"1:20,00","54,18",54180,valid,"6 Farias, Thiare 27 Pedro Aguirre Cerda 1:20,00 54,18"
2,46,3,women 25-29 50 LC Meter butterfly,"Carter, Daniela",28,Penñalolen Master,7,"57,00","54,40",54400,valid,"7 Carter, Daniela 28 Penñalolen Master 57,00 54,40"
2,48,3,women 30-34 50 LC Meter butterfly,"Lopez, Diane",30,Pedro Aguirre Cerda,1,"39,00","42,23",42230,valid,"1 Lopez, Diane 30 Pedro Aguirre Cerda 39,00 42,23"
2,49,3,women 30-34 50 LC Meter butterfly,"Ramirez, Carolina Isabel",33,Club Deportivo UC,2,"1:00,00","47,83",47830,valid,"2 Ramirez, Carolina Isabel 33 Club Deportivo UC 1:00,00 47,83"
2,50,3,women 30-34 50 LC Meter butterfly,"Sanchez, Johana",31,Aquaclub Maipu,3,"49,09","51,08",51080,valid,"3 Sanchez, Johana 31 Aquaclub Maipu 49,09 51,08"
3,5,3,women 30-34 50 LC Meter butterfly,"Herrera Rojas, Gema",34,Penñalolen Master,4,"52,00","51,52",51520,valid,"4 Herrera Rojas, Gema 34 Penñalolen Master 52,00 51,52"
3,6,3,women 30-34 50 LC Meter butterfly,"Largi, Stephanie",34,Orinoco Swim,5,"54,00","55,81",55810,valid,"5 Largi, Stephanie 34 Orinoco Swim 54,00 55,81"
3,8,3,women 35-39 50 LC Meter butterfly,"Vacher, Francisca",35,Golden,1,"36,34","37,33",37330,valid,"1 Vacher, Francisca 35 Golden 36,34 37,33"
3,9,3,women 35-39 50 LC Meter butterfly,"Godoy, Ana",37,Nunoa Master,2,"39,88","39,85",39850,valid,"2 Godoy, Ana 37 Nunoa Master 39,88 39,85"
3,10,3,women 35-39 50 LC Meter butterfly,"Nahuelpan, Nicole",36,100 por Ciento Swim,3,NT,"1:05,98",65980,valid,"3 Nahuelpan, Nicole 36 100 por Ciento Swim NT 1:05,98"
3,12,3,women 40-44 50 LC Meter butterfly,"Penña, Daniela",40,Orinoco Swim,1,"40,00","40,06",40060,valid,"1 Penña, Daniela 40 Orinoco Swim 40,00 40,06"
3,13,3,women 40-44 50 LC Meter butterfly,"Rodriguez, Diana",41,Nunoa Master,2,"50,00","43,08",43080,valid,"2 Rodriguez, Diana 41 Nunoa Master 50,00 43,08"
3,14,3,women 40-44 50 LC Meter butterfly,"Mangiameli, Georgina",41,Nunoa Master,3,"47,00","45,41",45410,valid,"3 Mangiameli, Georgina 41 Nunoa Master 47,00 45,41"
3,16,3,women 45-49 50 LC Meter butterfly,"Arriola, Silvia",45,Aquaclub Maipu,1,"35,62","36,74",36740,valid,"1 Arriola, Silvia 45 Aquaclub Maipu 35,62 36,74"
3,17,3,women 45-49 50 LC Meter butterfly,"Pino, Carla",47,Nielol,2,"40,00","45,51",45510,valid,"2 Pino, Carla 47 Nielol 40,00 45,51"
3,18,3,women 45-49 50 LC Meter butterfly,"Defosse, Carla",45,Master Providencia,3,"47,50","46,14",46140,valid,"3 Defosse, Carla 45 Master Providencia 47,50 46,14"
3,19,3,women 45-49 50 LC Meter butterfly,"Vasquez, Carola",49,Natacion Master Recoleta,4,"52,60","51,33",51330,valid,"4 Vasquez, Carola 49 Natacion Master Recoleta 52,60 51,33"
3,20,3,women 45-49 50 LC Meter butterfly,"Cooper, Karen",46,Master Providencia,5,"50,00","51,55",51550,valid,"5 Cooper, Karen 46 Master Providencia 50,00 51,55"
3,21,3,women 45-49 50 LC Meter butterfly,"Rodriguez, Erika",48,Penñalolen Master,6,"58,35","1:06,57",66570,valid,"6 Rodriguez, Erika 48 Penñalolen Master 58,35 1:06,57"
3,22,3,women 45-49 50 LC Meter butterfly,"Gauna, Noe",45,Azul Natacion Mendoza,,"1:00,00",DQ,,dsq,"--- Gauna, Noe 45 Azul Natacion Mendoza 1:00,00 DQ"
3,24,3,women 50-54 50 LC Meter butterfly,"Tapia, Julieta",51,Master Providencia,1,"58,00","50,87",50870,valid,"1 Tapia, Julieta 51 Master Providencia 58,00 50,87"
3,25,3,women 50-54 50 LC Meter butterfly,"Vera, Claudia",52,Natacion Master Recoleta,2,"46,94","1:01,84",61840,valid,"2 Vera, Claudia 52 Natacion Master Recoleta 46,94 1:01,84"
3,26,3,women 50-54 50 LC Meter butterfly,"Sepulveda, Francesca",51,Calambre Swim Team,3,"1:00,00","1:03,32",63320,valid,"3 Sepulveda, Francesca 51 Calambre Swim Team 1:00,00 1:03,32"
3,27,3,women 50-54 50 LC Meter butterfly,"Cabeza, Marisel",52,Nunoa Master,4,"1:06,46","1:03,55",63550,valid,"4 Cabeza, Marisel 52 Nunoa Master 1:06,46 1:03,55"
3,28,3,women 50-54 50 LC Meter butterfly,"Gonzalez, Elena",52,Nunoa Master,5,"1:00,00","1:05,81",65810,valid,"5 Gonzalez, Elena 52 Nunoa Master 1:00,00 1:05,81"
3,30,3,women 55-59 50 LC Meter butterfly,"Perez, Paulina",56,Natacion Master Recoleta,1,"54,71","58,90",58900,valid,"1 Perez, Paulina 56 Natacion Master Recoleta 54,71 58,90"
3,31,3,women 55-59 50 LC Meter butterfly,"Crocco, Gianina",58,Natacion Master Buin,2,"1:00,00","1:04,61",64610,valid,"2 Crocco, Gianina 58 Natacion Master Buin 1:00,00 1:04,61"
3,33,3,women 60-64 50 LC Meter butterfly,"Case, Cynthia",64,Master Providencia,1,"43,00","42,49",42490,valid,"1 Case, Cynthia 64 Master Providencia 43,00 42,49"
3,34,3,women 60-64 50 LC Meter butterfly,"Torres, Sandra",62,Penñalolen Master,2,"1:05,00","1:01,44",61440,valid,"2 Torres, Sandra 62 Penñalolen Master 1:05,00 1:01,44"
3,35,3,women 60-64 50 LC Meter butterfly,"Quinones, Ema",61,Club Deportivo UC,3,"1:20,00","1:02,79",62790,valid,"3 Quinones, Ema 61 Club Deportivo UC 1:20,00 1:02,79"
3,36,3,women 60-64 50 LC Meter butterfly,"Reyes, Irene",62,Pedro Aguirre Cerda,4,"1:05,20","1:08,57",68570,valid,"4 Reyes, Irene 62 Pedro Aguirre Cerda 1:05,20 1:08,57"
3,37,3,women 60-64 50 LC Meter butterfly,"Muüller, Bettina",62,Penñalolen Master,5,"1:04,00","1:10,18",70180,valid,"5 Muüller, Bettina 62 Penñalolen Master 1:04,00 1:10,18"
3,38,3,women 60-64 50 LC Meter butterfly,"Valdivia, Adriana",63,Penñalolen Master,6,"1:40,00","1:20,42",80420,valid,"6 Valdivia, Adriana 63 Penñalolen Master 1:40,00 1:20,42"
3,39,3,women 60-64 50 LC Meter butterfly,"Moncada, Marisol",61,Natacion Master Recoleta,7,"1:54,56","1:54,58",114580,valid,"7 Moncada, Marisol 61 Natacion Master Recoleta 1:54,56 1:54,58"
3,41,3,women 65-69 50 LC Meter butterfly,"Pinto Galleguillos, Rosario Soledad",67,Penñalolen Master,1,"1:10,00","58,40",58400,valid,"1 Pinto Galleguillos, Rosario Soledad 67 Penñalolen Master 1:10,00 58,40"
3,42,3,women 65-69 50 LC Meter butterfly,"Concha, Elizabeth",68,Nunoa Master,2,"1:12,00","1:18,29",78290,valid,"2 Concha, Elizabeth 68 Nunoa Master 1:12,00 1:18,29"
3,44,4,men 19 & Under 50 LC Meter butterfly,"Rodriguez, Joaquin",19,Agua Plena San Rafael,1,"37,00","39,61",39610,valid,"1 Rodriguez, Joaquin 19 Agua Plena San Rafael 37,00 39,61"
3,46,4,men 20-24 50 LC Meter butterfly,"Flores, Jose Luis",20,Pedro Aguirre Cerda,1,"34,60","34,64",34640,valid,"1 Flores, Jose Luis 20 Pedro Aguirre Cerda 34,60 34,64"
3,47,4,men 20-24 50 LC Meter butterfly,"Gonzalez, Joaquin",23,Natacion Master Recoleta,2,"34,50","34,98",34980,valid,"2 Gonzalez, Joaquin 23 Natacion Master Recoleta 34,50 34,98"
3,48,4,men 20-24 50 LC Meter butterfly,"Rivas, Leo",24,Azul Natacion Mendoza,3,"41,32","36,70",36700,valid,"3 Rivas, Leo 24 Azul Natacion Mendoza 41,32 36,70"
3,49,4,men 20-24 50 LC Meter butterfly,"Caro, Martin",20,Pedro Aguirre Cerda,4,"36,70","37,41",37410,valid,"4 Caro, Martin 20 Pedro Aguirre Cerda 36,70 37,41"
3,50,4,men 20-24 50 LC Meter butterfly,"Trilla, Ignacio",21,Azul Natacion Mendoza,5,"46,90","45,77",45770,valid,"5 Trilla, Ignacio 21 Azul Natacion Mendoza 46,90 45,77"
4,5,4,men 20-24 50 LC Meter butterfly,"Torres, Tomas",22,Golden,6,"52,00","47,40",47400,valid,"6 Torres, Tomas 22 Golden 52,00 47,40"
4,7,4,men 25-29 50 LC Meter butterfly,"Bulnes, Martin",27,Golden,1,"1:00,00","32,69",32690,valid,"1 Bulnes, Martin 27 Golden 1:00,00 32,69"
4,8,4,men 25-29 50 LC Meter butterfly,"Caro, Cristobal",26,Pedro Aguirre Cerda,2,"33,20","32,98",32980,valid,"2 Caro, Cristobal 26 Pedro Aguirre Cerda 33,20 32,98"
4,9,4,men 25-29 50 LC Meter butterfly,"Moreno, Julian",29,Aquaclub Maipu,3,"36,41","34,61",34610,valid,"3 Moreno, Julian 29 Aquaclub Maipu 36,41 34,61"
4,10,4,men 25-29 50 LC Meter butterfly,"Gonzalez, Daniel",27,Nunoa Master,4,"33,00","34,98",34980,valid,"4 Gonzalez, Daniel 27 Nunoa Master 33,00 34,98"
4,11,4,men 25-29 50 LC Meter butterfly,"Bolanños, Kleiber",29,Pedro Aguirre Cerda,5,"36,40","36,46",36460,valid,"5 Bolanños, Kleiber 29 Pedro Aguirre Cerda 36,40 36,46"
4,12,4,men 25-29 50 LC Meter butterfly,"Fernandez Morales, Nelson",26,Club Deportivo UC,6,"34,67","37,03",37030,valid,"6 Fernandez Morales, Nelson 26 Club Deportivo UC 34,67 37,03"
4,13,4,men 25-29 50 LC Meter butterfly,"Rodriguez, Santi",27,Azul Natacion Mendoza,7,"50,20","37,20",37200,valid,"7 Rodriguez, Santi 27 Azul Natacion Mendoza 50,20 37,20"
4,14,4,men 25-29 50 LC Meter butterfly,"Aguilera, Gonzalo",27,Penñalolen Master,8,"45,00","39,12",39120,valid,"8 Aguilera, Gonzalo 27 Penñalolen Master 45,00 39,12"
4,15,4,men 25-29 50 LC Meter butterfly,"Monsalve, Nicolas",27,Natacion Master Recoleta,9,"40,54","39,17",39170,valid,"9 Monsalve, Nicolas 27 Natacion Master Recoleta 40,54 39,17"
4,16,4,men 25-29 50 LC Meter butterfly,"Avila, Franco",26,Penñalolen Master,10,"50,00","40,16",40160,valid,"10 Avila, Franco 26 Penñalolen Master 50,00 40,16"
4,17,4,men 25-29 50 LC Meter butterfly,"Yanñez, Sebastian",27,Natacion Master Recoleta,11,"40,54","41,16",41160,valid,"11 Yanñez, Sebastian 27 Natacion Master Recoleta 40,54 41,16"
4,18,4,men 25-29 50 LC Meter butterfly,"Walder, Raul",26,100 por Ciento Swim,12,NT,"44,98",44980,valid,"12 Walder, Raul 26 100 por Ciento Swim NT 44,98"
4,19,4,men 25-29 50 LC Meter butterfly,"Ros, Matias",29,Aquaclub Maipu,13,"50,00","46,01",46010,valid,"13 Ros, Matias 29 Aquaclub Maipu 50,00 46,01"
4,20,4,men 25-29 50 LC Meter butterfly,"Valenzuela, Osvaldo",26,Natacion Master Recoleta,14,"49,55","49,61",49610,valid,"14 Valenzuela, Osvaldo 26 Natacion Master Recoleta 49,55 49,61"
4,21,4,men 25-29 50 LC Meter butterfly,"Perez, Maximiliano",28,Agua Plena San Rafael,,"38,00",DQ,,dsq,"--- Perez, Maximiliano 28 Agua Plena San Rafael 38,00 DQ"
4,23,4,men 30-34 50 LC Meter butterfly,"Lagos, Rodrigo",30,Natacion Master Recoleta,1,"58,00","29,01",29010,valid,"1 Lagos, Rodrigo 30 Natacion Master Recoleta 58,00 29,01"
4,24,4,men 30-34 50 LC Meter butterfly,"Lucero, Mauricio",32,Ciudad de Mendoza,2,"29,91","29,47",29470,valid,"2 Lucero, Mauricio 32 Ciudad de Mendoza 29,91 29,47"
4,25,4,men 30-34 50 LC Meter butterfly,"Parra, Nicolas",30,Pedro Aguirre Cerda,3,"30,10","30,10",30100,valid,"3 Parra, Nicolas 30 Pedro Aguirre Cerda 30,10 30,10"
4,26,4,men 30-34 50 LC Meter butterfly,"Nava, Juan",30,Nunoa Master,4,"29,75","30,47",30470,valid,"4 Nava, Juan 30 Nunoa Master 29,75 30,47"
4,27,4,men 30-34 50 LC Meter butterfly,"Becerra, Martin",30,Pedro Aguirre Cerda,5,"34,20","33,77",33770,valid,"5 Becerra, Martin 30 Pedro Aguirre Cerda 34,20 33,77"
4,28,4,men 30-34 50 LC Meter butterfly,"Carrasco, Moises",31,Nunoa Master,6,"37,00","36,78",36780,valid,"6 Carrasco, Moises 31 Nunoa Master 37,00 36,78"
4,29,4,men 30-34 50 LC Meter butterfly,"Sayago, Alexis",33,Nunoa Master,7,"35,08","37,21",37210,valid,"7 Sayago, Alexis 33 Nunoa Master 35,08 37,21"
4,30,4,men 30-34 50 LC Meter butterfly,"Pacheco Juri, Jose Tomas",30,Club Deportivo UC,8,"35,00","37,69",37690,valid,"8 Pacheco Juri, Jose Tomas 30 Club Deportivo UC 35,00 37,69"
4,31,4,men 30-34 50 LC Meter butterfly,"Orrego, Ariel",31,Calambre Swim Team,9,"40,00","38,08",38080,valid,"9 Orrego, Ariel 31 Calambre Swim Team 40,00 38,08"
4,32,4,men 30-34 50 LC Meter butterfly,"Miranda, Milanch",33,Calambre Swim Team,10,"43,00","44,24",44240,valid,"10 Miranda, Milanch 33 Calambre Swim Team 43,00 44,24"
4,33,4,men 30-34 50 LC Meter butterfly,"Ventura, Maxi",32,Azul Natacion Mendoza,11,"44,62","48,63",48630,valid,"11 Ventura, Maxi 32 Azul Natacion Mendoza 44,62 48,63"
4,34,4,men 30-34 50 LC Meter butterfly,"Maldonado, Nicolas",31,Agua Plena San Rafael,12,"53,00","55,66",55660,valid,"12 Maldonado, Nicolas 31 Agua Plena San Rafael 53,00 55,66"
4,36,4,men 35-39 50 LC Meter butterfly,"Rincon, Luis",35,Orinoco Swim,1,"26,80","27,58",27580,valid,"1 Rincon, Luis 35 Orinoco Swim 26,80 27,58"
4,37,4,men 35-39 50 LC Meter butterfly,"Carrera, Angel",35,Nunoa Master,2,"30,66","30,89",30890,valid,"2 Carrera, Angel 35 Nunoa Master 30,66 30,89"
4,38,4,men 35-39 50 LC Meter butterfly,"Nava, Jose",35,Nunoa Master,3,"30,90","31,21",31210,valid,"3 Nava, Jose 35 Nunoa Master 30,90 31,21"
4,39,4,men 35-39 50 LC Meter butterfly,"Him, Carlos",36,Orinoco Swim,4,NT,"32,41",32410,valid,"4 Him, Carlos 36 Orinoco Swim NT 32,41"
4,40,4,men 35-39 50 LC Meter butterfly,"Celaya, Ariel",36,Aquaclub Maipu,5,"33,00","33,06",33060,valid,"5 Celaya, Ariel 36 Aquaclub Maipu 33,00 33,06"
4,41,4,men 35-39 50 LC Meter butterfly,"Rivera, Luis",37,Natacion Master Recoleta,6,"38,71","35,03",35030,valid,"6 Rivera, Luis 37 Natacion Master Recoleta 38,71 35,03"
4,42,4,men 35-39 50 LC Meter butterfly,"Le Cerf, Patricio",36,Orinoco Swim,7,"40,44","41,25",41250,valid,"7 Le Cerf, Patricio 36 Orinoco Swim 40,44 41,25"
4,43,4,men 35-39 50 LC Meter butterfly,"Guajardo, Juan Pablo",39,Penñalolen Master,8,"1:00,00","42,21",42210,valid,"8 Guajardo, Juan Pablo 39 Penñalolen Master 1:00,00 42,21"
4,44,4,men 35-39 50 LC Meter butterfly,"Sanchez, Marco",37,Master Providencia,9,"50,00","43,75",43750,valid,"9 Sanchez, Marco 37 Master Providencia 50,00 43,75"
4,45,4,men 35-39 50 LC Meter butterfly,"Barreto, Yuhneyber",39,Pedro Aguirre Cerda,10,"49,60","44,44",44440,valid,"10 Barreto, Yuhneyber 39 Pedro Aguirre Cerda 49,60 44,44"
4,46,4,men 35-39 50 LC Meter butterfly,"Gonzalez, Matias",35,Aquaclub Maipu,11,"43,51","47,01",47010,valid,"11 Gonzalez, Matias 35 Aquaclub Maipu 43,51 47,01"
4,47,4,men 35-39 50 LC Meter butterfly,"Curihuinca, Camilo",35,Natacion Master Recoleta,12,"55,00","49,23",49230,valid,"12 Curihuinca, Camilo 35 Natacion Master Recoleta 55,00 49,23"
4,49,4,men 40-44 50 LC Meter butterfly,"Bricenño, Carlos",41,100 por Ciento Swim,1,"34,00","31,43",31430,valid,"1 Bricenño, Carlos 41 100 por Ciento Swim 34,00 31,43"
4,50,4,men 40-44 50 LC Meter butterfly,"Olivares, Pedro",43,Golden,2,"32,00","31,81",31810,valid,"2 Olivares, Pedro 43 Golden 32,00 31,81"
4,51,4,men 40-44 50 LC Meter butterfly,"Garzon, Jean",41,Master Providencia,3,"32,00","32,72",32720,valid,"3 Garzon, Jean 41 Master Providencia 32,00 32,72"
4,52,4,men 40-44 50 LC Meter butterfly,"Gomez, Carlos",43,Nunoa Master,4,"35,11","32,86",32860,valid,"4 Gomez, Carlos 43 Nunoa Master 35,11 32,86"
4,53,4,men 40-44 50 LC Meter butterfly,"Peralta, Leonardo",43,Aquaclub Maipu,5,"32,88","33,21",33210,valid,"5 Peralta, Leonardo 43 Aquaclub Maipu 32,88 33,21"
5,5,4,men 40-44 50 LC Meter butterfly,"Gonzalez, German",42,Master Providencia,6,"33,50","34,42",34420,valid,"6 Gonzalez, German 42 Master Providencia 33,50 34,42"
5,6,4,men 40-44 50 LC Meter butterfly,"Osses, Daniel",41,Nunoa Master,7,"35,02","36,37",36370,valid,"7 Osses, Daniel 41 Nunoa Master 35,02 36,37"
5,7,4,men 40-44 50 LC Meter butterfly,"Serrano, Hector",44,100 por Ciento Swim,8,"45,00","41,94",41940,valid,"8 Serrano, Hector 44 100 por Ciento Swim 45,00 41,94"
5,9,4,men 45-49 50 LC Meter butterfly,"Garcia, Alexis",48,Penñalolen Master,1,"32,00","32,22",32220,valid,"1 Garcia, Alexis 48 Penñalolen Master 32,00 32,22"
5,10,4,men 45-49 50 LC Meter butterfly,"Cerrada, Yorggyn",47,Natacion Master Recoleta,2,"35,00","36,05",36050,valid,"2 Cerrada, Yorggyn 47 Natacion Master Recoleta 35,00 36,05"
5,11,4,men 45-49 50 LC Meter butterfly,"Winter, Juan Enrique",46,Club Deportivo UC,3,"40,00","39,08",39080,valid,"3 Winter, Juan Enrique 46 Club Deportivo UC 40,00 39,08"
5,12,4,men 45-49 50 LC Meter butterfly,"Camargo, Pablo Sergio",46,Aquaclub Maipu,4,"38,17","39,92",39920,valid,"4 Camargo, Pablo Sergio 46 Aquaclub Maipu 38,17 39,92"
5,13,4,men 45-49 50 LC Meter butterfly,"Hidalgo, Victor Andreés",49,Penñalolen Master,5,"45,00","42,98",42980,valid,"5 Hidalgo, Victor Andreés 49 Penñalolen Master 45,00 42,98"
5,14,4,men 45-49 50 LC Meter butterfly,"Rojas, Freddy",47,100 por Ciento Swim,6,NT,"46,43",46430,valid,"6 Rojas, Freddy 47 100 por Ciento Swim NT 46,43"
5,15,4,men 45-49 50 LC Meter butterfly,"Maureira, Luis",47,Pedro Aguirre Cerda,7,"53,20","51,03",51030,valid,"7 Maureira, Luis 47 Pedro Aguirre Cerda 53,20 51,03"
5,17,4,men 50-54 50 LC Meter butterfly,"Lucena, Larry",51,Nunoa Master,1,"35,03","33,20",33200,valid,"1 Lucena, Larry 51 Nunoa Master 35,03 33,20"
5,18,4,men 50-54 50 LC Meter butterfly,"Gutierrez Oliveros, Luis",52,Club Deportivo UC,2,"34,30","34,35",34350,valid,"2 Gutierrez Oliveros, Luis 52 Club Deportivo UC 34,30 34,35"
5,19,4,men 50-54 50 LC Meter butterfly,"Catalan, Marcelo",52,Master Providencia,3,"35,50","36,55",36550,valid,"3 Catalan, Marcelo 52 Master Providencia 35,50 36,55"
5,20,4,men 50-54 50 LC Meter butterfly,"Matulic L, Wladimir",53,Club Deportivo UC,4,"36,00","36,86",36860,valid,"4 Matulic L, Wladimir 53 Club Deportivo UC 36,00 36,86"
5,21,4,men 50-54 50 LC Meter butterfly,"Siqueira, Pablo",53,Penñalolen Master,5,"50,00","46,89",46890,valid,"5 Siqueira, Pablo 53 Penñalolen Master 50,00 46,89"
5,22,4,men 50-54 50 LC Meter butterfly,"Romo, Fabri",52,Azul Natacion Mendoza,6,"56,07","57,07",57070,valid,"6 Romo, Fabri 52 Azul Natacion Mendoza 56,07 57,07"
5,23,4,men 50-54 50 LC Meter butterfly,"Medina, Carlos",53,Master Providencia,7,"1:35,00","1:26,34",86340,valid,"7 Medina, Carlos 53 Master Providencia 1:35,00 1:26,34"
5,25,4,men 55-59 50 LC Meter butterfly,"Briones, Eduardo",57,Master Providencia,1,"32,00","32,41",32410,valid,"1 Briones, Eduardo 57 Master Providencia 32,00 32,41"
5,26,4,men 55-59 50 LC Meter butterfly,"Silva, Raul",56,Penñalolen Master,2,"40,09","39,49",39490,valid,"2 Silva, Raul 56 Penñalolen Master 40,09 39,49"
5,27,4,men 55-59 50 LC Meter butterfly,"Biason, Marcelo",56,Golden,3,"45,00","40,31",40310,valid,"3 Biason, Marcelo 56 Golden 45,00 40,31"
5,28,4,men 55-59 50 LC Meter butterfly,"Ubilla, Juan Carlos",56,Penñalolen Master,4,"48,00","46,24",46240,valid,"4 Ubilla, Juan Carlos 56 Penñalolen Master 48,00 46,24"
5,29,4,men 55-59 50 LC Meter butterfly,"Pacheco C, Mario Alejandro",59,Club Deportivo UC,5,"50,00","50,60",50600,valid,"5 Pacheco C, Mario Alejandro 59 Club Deportivo UC 50,00 50,60"
5,30,4,men 55-59 50 LC Meter butterfly,"Panetti, Mario",59,Golden,6,"54,00","51,09",51090,valid,"6 Panetti, Mario 59 Golden 54,00 51,09"
5,31,4,men 55-59 50 LC Meter butterfly,"Gonzaélez, Rodrigo",58,Penñalolen Master,7,"58,00","51,92",51920,valid,"7 Gonzaélez, Rodrigo 58 Penñalolen Master 58,00 51,92"
5,32,4,men 55-59 50 LC Meter butterfly,"Velazquez, Orlando",56,Aquaclub Maipu,8,"1:12,78","1:25,99",85990,valid,"8 Velazquez, Orlando 56 Aquaclub Maipu 1:12,78 1:25,99"
5,33,4,men 55-59 50 LC Meter butterfly,"Figueroa, Miguel",59,Azul Natacion Mendoza,,"1:01,25",DQ,,dsq,"--- Figueroa, Miguel 59 Azul Natacion Mendoza 1:01,25 DQ"
5,35,4,men 60-64 50 LC Meter butterfly,"Fuenzalida, Roberto",64,Penñalolen Master,1,"37,00","41,09",41090,valid,"1 Fuenzalida, Roberto 64 Penñalolen Master 37,00 41,09"
5,36,4,men 60-64 50 LC Meter butterfly,"Jimenez, Andres",61,Natacion Master Buin,2,"44,00","42,48",42480,valid,"2 Jimenez, Andres 61 Natacion Master Buin 44,00 42,48"
5,38,4,men 65-69 50 LC Meter butterfly,"Lucero, Carlos A",66,Area Club San Luis,1,"38,30","44,27",44270,valid,"1 Lucero, Carlos A 66 Area Club San Luis 38,30 44,27"
5,39,4,men 65-69 50 LC Meter butterfly,"Cabello Tilleria, Jorge",68,Penñalolen Master,2,"50,00","46,00",46000,valid,"2 Cabello Tilleria, Jorge 68 Penñalolen Master 50,00 46,00"
5,40,4,men 65-69 50 LC Meter butterfly,"Cabello, Andres T",69,Iron Swim Master,3,"46,00","46,92",46920,valid,"3 Cabello, Andres T 69 Iron Swim Master 46,00 46,92"
5,41,4,men 65-69 50 LC Meter butterfly,"Toledo, Fredi",67,Natacion Master Recoleta,4,"49,55","48,89",48890,valid,"4 Toledo, Fredi 67 Natacion Master Recoleta 49,55 48,89"
5,43,4,men 70-74 50 LC Meter butterfly,"Donoso, Juan",71,Master San Bernardo,1,"50,00","48,69",48690,valid,"1 Donoso, Juan 71 Master San Bernardo 50,00 48,69"
5,44,4,men 70-74 50 LC Meter butterfly,"Alvarez, Ricardo",73,Nunoa Master,2,"2:29,94","1:48,96",108960,valid,"2 Alvarez, Ricardo 73 Nunoa Master 2:29,94 1:48,96"
5,46,4,men 75-79 50 LC Meter butterfly,"Guerra B, Manfredo",75,Calambre Swim Team,1,"44,00","44,26",44260,valid,"1 Guerra B, Manfredo 75 Calambre Swim Team 44,00 44,26"
5,48,5,women 25-29 100 LC Meter backstroke,"Dave, Gisela",28,Aquaclub Maipu,1,"1:30,20","1:27,94",87940,valid,"1 Dave, Gisela 28 Aquaclub Maipu 1:30,20 1:27,94"
5,49,5,women 25-29 100 LC Meter backstroke,"Nunñez, Manuela",29,Master Providencia,2,"1:30,00","1:29,95",89950,valid,"2 Nunñez, Manuela 29 Master Providencia 1:30,00 1:29,95"
5,50,5,women 25-29 100 LC Meter backstroke,"Jimenez, Javiera",28,Calambre Swim Team,3,"1:57,00","1:50,42",110420,valid,"3 Jimenez, Javiera 28 Calambre Swim Team 1:57,00 1:50,42"
5,51,5,women 25-29 100 LC Meter backstroke,"Aguilera, Ayelen",27,Azul Natacion Mendoza,4,"1:59,34","2:02,98",122980,valid,"4 Aguilera, Ayelen 27 Azul Natacion Mendoza 1:59,34 2:02,98"
6,5,5,women 30-34 100 LC Meter backstroke,"Zamora Tapia, Barbara",30,Master Vitacura Swim,1,"1:30,00","1:32,97",92970,valid,"1 Zamora Tapia, Barbara 30 Master Vitacura Swim 1:30,00 1:32,97"
6,6,5,women 30-34 100 LC Meter backstroke,"Ramirez, Carolina Isabel",33,Club Deportivo UC,2,"2:00,00","1:45,01",105010,valid,"2 Ramirez, Carolina Isabel 33 Club Deportivo UC 2:00,00 1:45,01"
6,8,5,women 35-39 100 LC Meter backstroke,"Godoy, Ana",37,Nunoa Master,1,"1:34,50","1:37,26",97260,valid,"1 Godoy, Ana 37 Nunoa Master 1:34,50 1:37,26"
6,10,5,women 40-44 100 LC Meter backstroke,"Rodriguez, Diana",41,Nunoa Master,1,"1:30,00","1:26,08",86080,valid,"1 Rodriguez, Diana 41 Nunoa Master 1:30,00 1:26,08"
6,11,5,women 40-44 100 LC Meter backstroke,"Penña, Daniela",40,Orinoco Swim,2,"1:30,07","1:45,48",105480,valid,"2 Penña, Daniela 40 Orinoco Swim 1:30,07 1:45,48"
6,12,5,women 40-44 100 LC Meter backstroke,"Aparicio, Adriana",40,Nunoa Master,3,"1:45,00","1:46,67",106670,valid,"3 Aparicio, Adriana 40 Nunoa Master 1:45,00 1:46,67"
6,13,5,women 40-44 100 LC Meter backstroke,"Velasquez, Lenismar",44,Natacion Master Recoleta,4,"1:48,02","1:52,79",112790,valid,"4 Velasquez, Lenismar 44 Natacion Master Recoleta 1:48,02 1:52,79"
6,15,5,women 45-49 100 LC Meter backstroke,"Guadalupe, Paula",48,Master Providencia,1,"1:38,00","1:34,96",94960,valid,"1 Guadalupe, Paula 48 Master Providencia 1:38,00 1:34,96"
6,16,5,women 45-49 100 LC Meter backstroke,"Vasquez, Carola",49,Natacion Master Recoleta,2,"1:42,99","1:44,94",104940,valid,"2 Vasquez, Carola 49 Natacion Master Recoleta 1:42,99 1:44,94"
6,17,5,women 45-49 100 LC Meter backstroke,"Aguilar, Glaisa",48,Nunoa Master,3,"1:56,10","1:51,07",111070,valid,"3 Aguilar, Glaisa 48 Nunoa Master 1:56,10 1:51,07"
6,18,5,women 45-49 100 LC Meter backstroke,"Cooper, Karen",46,Master Providencia,4,"2:15,00","1:54,75",114750,valid,"4 Cooper, Karen 46 Master Providencia 2:15,00 1:54,75"
6,20,5,women 50-54 100 LC Meter backstroke,"Jara, Carolina",52,Natacion Master Buin,1,"1:50,00","1:51,83",111830,valid,"1 Jara, Carolina 52 Natacion Master Buin 1:50,00 1:51,83"
6,21,5,women 50-54 100 LC Meter backstroke,"Vera, Claudia",52,Natacion Master Recoleta,2,"2:18,02","2:16,65",136650,valid,"2 Vera, Claudia 52 Natacion Master Recoleta 2:18,02 2:16,65"
6,22,5,women 50-54 100 LC Meter backstroke,"Sepulveda, Francesca",51,Calambre Swim Team,3,"2:32,00","2:23,05",143050,valid,"3 Sepulveda, Francesca 51 Calambre Swim Team 2:32,00 2:23,05"
6,23,5,women 50-54 100 LC Meter backstroke,"Cabeza, Marisel",52,Nunoa Master,4,"2:25,00","2:26,30",146300,valid,"4 Cabeza, Marisel 52 Nunoa Master 2:25,00 2:26,30"
6,24,5,women 50-54 100 LC Meter backstroke,"Ojeda, Veroénica",51,Penñalolen Master,5,"2:18,00","2:32,30",152300,valid,"5 Ojeda, Veroénica 51 Penñalolen Master 2:18,00 2:32,30"
6,25,5,women 50-54 100 LC Meter backstroke,"Gonzalez, Elena",52,Nunoa Master,,"2:18,10",DQ,,dsq,"--- Gonzalez, Elena 52 Nunoa Master 2:18,10 DQ"
6,27,5,women 55-59 100 LC Meter backstroke,"Dable, Marie Claire",57,Master Providencia,1,"2:00,00","1:52,22",112220,valid,"1 Dable, Marie Claire 57 Master Providencia 2:00,00 1:52,22"
6,28,5,women 55-59 100 LC Meter backstroke,"Tapia, Marcela",58,Africa Natacion,,"2:10,00",DQ,,dsq,"--- Tapia, Marcela 58 Africa Natacion 2:10,00 DQ"
6,30,5,women 60-64 100 LC Meter backstroke,"Loayza, Alejandra",61,Master Providencia,1,"1:50,00","1:53,54",113540,valid,"1 Loayza, Alejandra 61 Master Providencia 1:50,00 1:53,54"
6,31,5,women 60-64 100 LC Meter backstroke,"Acencio, Claudia",63,Master Providencia,2,"1:55,00","2:03,16",123160,valid,"2 Acencio, Claudia 63 Master Providencia 1:55,00 2:03,16"
6,32,5,women 60-64 100 LC Meter backstroke,"Quinones, Ema",61,Club Deportivo UC,3,"2:15,00","2:21,41",141410,valid,"3 Quinones, Ema 61 Club Deportivo UC 2:15,00 2:21,41"
6,33,5,women 60-64 100 LC Meter backstroke,"Reyes, Irene",62,Pedro Aguirre Cerda,4,"2:21,10","2:23,51",143510,valid,"4 Reyes, Irene 62 Pedro Aguirre Cerda 2:21,10 2:23,51"
6,34,5,women 60-64 100 LC Meter backstroke,"Acunña, Patricia",60,Master Providencia,5,"2:30,00","2:34,36",154360,valid,"5 Acunña, Patricia 60 Master Providencia 2:30,00 2:34,36"
6,35,5,women 60-64 100 LC Meter backstroke,"Valdivia, Adriana",63,Penñalolen Master,6,"3:50,00","2:44,80",164800,valid,"6 Valdivia, Adriana 63 Penñalolen Master 3:50,00 2:44,80"
6,36,5,women 60-64 100 LC Meter backstroke,"Canñete, Soledad",63,Natacion Master Recoleta,7,"3:06,00","2:48,73",168730,valid,"7 Canñete, Soledad 63 Natacion Master Recoleta 3:06,00 2:48,73"
6,37,5,women 60-64 100 LC Meter backstroke,"Moncada, Marisol",61,Natacion Master Recoleta,8,"3:05,94","3:12,75",192750,valid,"8 Moncada, Marisol 61 Natacion Master Recoleta 3:05,94 3:12,75"
6,39,5,women 65-69 100 LC Meter backstroke,"Alarcon, Silvia",68,Natacion Master Recoleta,,"2:30,04",DQ,,dsq,"--- Alarcon, Silvia 68 Natacion Master Recoleta 2:30,04 DQ"
6,41,5,women 70-74 100 LC Meter backstroke,"Munñoz, Maria",70,Nunoa Master,1,"2:41,32","2:37,58",157580,valid,"1 Munñoz, Maria 70 Nunoa Master 2:41,32 2:37,58"
6,42,5,women 70-74 100 LC Meter backstroke,"Toro, Soledad",72,Master Providencia,2,"3:15,00","3:06,87",186870,valid,"2 Toro, Soledad 72 Master Providencia 3:15,00 3:06,87"
6,43,5,women 70-74 100 LC Meter backstroke,"Robles, Graciela",73,Nunoa Master,3,"3:00,47","3:20,47",200470,valid,"3 Robles, Graciela 73 Nunoa Master 3:00,47 3:20,47"
6,45,5,women 75-79 100 LC Meter backstroke,"Nunñez, Elizabeth",77,Master Providencia,1,"2:40,00","2:36,50",156500,valid,"1 Nunñez, Elizabeth 77 Master Providencia 2:40,00 2:36,50"
6,47,5,women 85-89 100 LC Meter backstroke,"Escudero, Oriele",85,Nunoa Master,1,"2:44,66","2:48,84",168840,valid,"1 Escudero, Oriele 85 Nunoa Master 2:44,66 2:48,84"
6,49,6,men 19 & Under 100 LC Meter backstroke,"Reis Aguayo, Nelson",19,Penñalolen Master,1,"1:09,00","1:08,66",68660,valid,"1 Reis Aguayo, Nelson 19 Penñalolen Master 1:09,00 1:08,66"
7,5,6,men 20-24 100 LC Meter backstroke,"Rivas, Leo",24,Azul Natacion Mendoza,1,"1:19,54","1:24,96",84960,valid,"1 Rivas, Leo 24 Azul Natacion Mendoza 1:19,54 1:24,96"
7,6,6,men 20-24 100 LC Meter backstroke,"Zapata Esquivel, Tomas Benja",24,Aquaclub Maipu,2,"11:27,15","1:30,37",90370,valid,"2 Zapata Esquivel, Tomas Benja 24 Aquaclub Maipu 11:27,15 1:30,37"
7,8,6,men 25-29 100 LC Meter backstroke,"Silva, Benjamin",25,Natacion Master Recoleta,1,"1:21,57","1:19,09",79090,valid,"1 Silva, Benjamin 25 Natacion Master Recoleta 1:21,57 1:19,09"
7,9,6,men 25-29 100 LC Meter backstroke,"Caro, Cristobal",26,Pedro Aguirre Cerda,2,"1:17,10","1:20,55",80550,valid,"2 Caro, Cristobal 26 Pedro Aguirre Cerda 1:17,10 1:20,55"
7,10,6,men 25-29 100 LC Meter backstroke,"Saavedra, Lucas",25,Penñalolen Master,3,"1:30,00","1:33,85",93850,valid,"3 Saavedra, Lucas 25 Penñalolen Master 1:30,00 1:33,85"
7,11,6,men 25-29 100 LC Meter backstroke,"Avila, Franco",26,Penñalolen Master,4,"2:00,00","1:34,03",94030,valid,"4 Avila, Franco 26 Penñalolen Master 2:00,00 1:34,03"
7,12,6,men 25-29 100 LC Meter backstroke,"Ros, Matias",29,Aquaclub Maipu,5,"1:50,00","1:55,19",115190,valid,"5 Ros, Matias 29 Aquaclub Maipu 1:50,00 1:55,19"
7,14,6,men 30-34 100 LC Meter backstroke,"Lagos, Rodrigo",30,Natacion Master Recoleta,1,"1:06,99","1:09,73",69730,valid,"1 Lagos, Rodrigo 30 Natacion Master Recoleta 1:06,99 1:09,73"
7,15,6,men 30-34 100 LC Meter backstroke,"Nava, Juan",30,Nunoa Master,2,"1:17,24","1:19,51",79510,valid,"2 Nava, Juan 30 Nunoa Master 1:17,24 1:19,51"
7,16,6,men 30-34 100 LC Meter backstroke,"Parra, Nicolas",30,Pedro Aguirre Cerda,3,"1:25,10","1:23,02",83020,valid,"3 Parra, Nicolas 30 Pedro Aguirre Cerda 1:25,10 1:23,02"
7,17,6,men 30-34 100 LC Meter backstroke,"Cantoro, Sergio",33,Aquaclub Maipu,4,"1:30,48","1:30,09",90090,valid,"4 Cantoro, Sergio 33 Aquaclub Maipu 1:30,48 1:30,09"
7,18,6,men 30-34 100 LC Meter backstroke,"Pacheco Juri, Jose Tomas",30,Club Deportivo UC,5,"1:30,00","1:33,35",93350,valid,"5 Pacheco Juri, Jose Tomas 30 Club Deportivo UC 1:30,00 1:33,35"
7,19,6,men 30-34 100 LC Meter backstroke,"Ventura, Maxi",32,Azul Natacion Mendoza,6,"1:30,00","1:35,69",95690,valid,"6 Ventura, Maxi 32 Azul Natacion Mendoza 1:30,00 1:35,69"
7,20,6,men 30-34 100 LC Meter backstroke,"Magnenat, Javier",34,Agua Plena San Rafael,7,"1:30,00","1:39,11",99110,valid,"7 Magnenat, Javier 34 Agua Plena San Rafael 1:30,00 1:39,11"
7,21,6,men 30-34 100 LC Meter backstroke,"Barrera, Barrera",32,Azul Natacion Mendoza,8,"1:45,00","1:49,89",109890,valid,"8 Barrera, Barrera 32 Azul Natacion Mendoza 1:45,00 1:49,89"
7,23,6,men 35-39 100 LC Meter backstroke,"Nava, Jose",35,Nunoa Master,1,"1:18,78","1:19,30",79300,valid,"1 Nava, Jose 35 Nunoa Master 1:18,78 1:19,30"
7,24,6,men 35-39 100 LC Meter backstroke,"Celaya, Ariel",36,Aquaclub Maipu,2,"1:15,00","1:19,76",79760,valid,"2 Celaya, Ariel 36 Aquaclub Maipu 1:15,00 1:19,76"
7,25,6,men 35-39 100 LC Meter backstroke,"Aguilera, Juan Carlos",37,Master Providencia,3,"1:48,00","1:50,52",110520,valid,"3 Aguilera, Juan Carlos 37 Master Providencia 1:48,00 1:50,52"
7,27,6,men 40-44 100 LC Meter backstroke,"Bricenño, Carlos",41,100 por Ciento Swim,1,"1:20,00","1:19,96",79960,valid,"1 Bricenño, Carlos 41 100 por Ciento Swim 1:20,00 1:19,96"
7,28,6,men 40-44 100 LC Meter backstroke,"Peralta, Leonardo",43,Aquaclub Maipu,2,"1:21,91","1:24,32",84320,valid,"2 Peralta, Leonardo 43 Aquaclub Maipu 1:21,91 1:24,32"
7,29,6,men 40-44 100 LC Meter backstroke,"Torres, Renzo",42,Natacion Master Recoleta,3,"1:34,00","1:27,79",87790,valid,"3 Torres, Renzo 42 Natacion Master Recoleta 1:34,00 1:27,79"
7,30,6,men 40-44 100 LC Meter backstroke,"Serrano, Hector",44,100 por Ciento Swim,4,"1:44,00","1:32,61",92610,valid,"4 Serrano, Hector 44 100 por Ciento Swim 1:44,00 1:32,61"
7,31,6,men 40-44 100 LC Meter backstroke,"Arce, Javier",40,Calambre Swim Team,5,"1:40,00","1:37,29",97290,valid,"5 Arce, Javier 40 Calambre Swim Team 1:40,00 1:37,29"
7,33,6,men 45-49 100 LC Meter backstroke,"Cabello, Daniel",45,Natacion Master Recoleta,1,"1:40,87","1:40,93",100930,valid,"1 Cabello, Daniel 45 Natacion Master Recoleta 1:40,87 1:40,93"
7,34,6,men 45-49 100 LC Meter backstroke,"Vidal, Rodrigo",48,Penñalolen Master,2,"1:50,00","1:41,23",101230,valid,"2 Vidal, Rodrigo 48 Penñalolen Master 1:50,00 1:41,23"
7,35,6,men 45-49 100 LC Meter backstroke,"Camargo, Pablo Sergio",46,Aquaclub Maipu,3,"1:36,63","1:46,64",106640,valid,"3 Camargo, Pablo Sergio 46 Aquaclub Maipu 1:36,63 1:46,64"
7,37,6,men 50-54 100 LC Meter backstroke,"Lucena, Larry",51,Nunoa Master,1,"1:29,30","1:29,76",89760,valid,"1 Lucena, Larry 51 Nunoa Master 1:29,30 1:29,76"
7,38,6,men 50-54 100 LC Meter backstroke,"Sevil, Angel",54,Penñalolen Master,2,"1:30,00","1:33,31",93310,valid,"2 Sevil, Angel 54 Penñalolen Master 1:30,00 1:33,31"
7,39,6,men 50-54 100 LC Meter backstroke,"Catalan, Marcelo",52,Master Providencia,3,"1:30,00","1:35,66",95660,valid,"3 Catalan, Marcelo 52 Master Providencia 1:30,00 1:35,66"
7,40,6,men 50-54 100 LC Meter backstroke,"Medina, Carlos",53,Master Providencia,4,"3:30,00","2:53,59",173590,valid,"4 Medina, Carlos 53 Master Providencia 3:30,00 2:53,59"
7,42,6,men 55-59 100 LC Meter backstroke,"Smith, Carlos",58,Master Providencia,1,"1:45,00","1:46,63",106630,valid,"1 Smith, Carlos 58 Master Providencia 1:45,00 1:46,63"
7,43,6,men 55-59 100 LC Meter backstroke,"Figueroa, Miguel",59,Azul Natacion Mendoza,2,"1:44,98","2:04,14",124140,valid,"2 Figueroa, Miguel 59 Azul Natacion Mendoza 1:44,98 2:04,14"
7,44,6,men 55-59 100 LC Meter backstroke,"Montes, Eduardo",56,Master Providencia,3,"1:55,00","2:12,96",132960,valid,"3 Montes, Eduardo 56 Master Providencia 1:55,00 2:12,96"
7,45,6,men 55-59 100 LC Meter backstroke,"Velazquez, Orlando",56,Aquaclub Maipu,4,"2:56,08","3:05,16",185160,valid,"4 Velazquez, Orlando 56 Aquaclub Maipu 2:56,08 3:05,16"
7,47,6,men 60-64 100 LC Meter backstroke,"Jimenez, Andres",61,Natacion Master Buin,1,"1:40,00","1:44,29",104290,valid,"1 Jimenez, Andres 61 Natacion Master Buin 1:40,00 1:44,29"
7,48,6,men 60-64 100 LC Meter backstroke,"Aguirre, Jose Ignacio",64,Penñalolen Master,2,"1:55,00","2:11,68",131680,valid,"2 Aguirre, Jose Ignacio 64 Penñalolen Master 1:55,00 2:11,68"
7,49,6,men 60-64 100 LC Meter backstroke,"Vargas, Jose Luis",60,Golden,3,"3:00,00","2:15,63",135630,valid,"3 Vargas, Jose Luis 60 Golden 3:00,00 2:15,63"
7,51,6,men 65-69 100 LC Meter backstroke,"Lucero, Carlos A",66,Area Club San Luis,1,"1:49,09","2:05,81",125810,valid,"1 Lucero, Carlos A 66 Area Club San Luis 1:49,09 2:05,81"
8,5,6,men 65-69 100 LC Meter backstroke,"Rasse, Patricio",67,Master Providencia,2,"2:20,00","2:11,46",131460,valid,"2 Rasse, Patricio 67 Master Providencia 2:20,00 2:11,46"
8,6,6,men 65-69 100 LC Meter backstroke,"Vega, Patricio",69,Natacion Master Buin,3,"2:35,00","2:14,55",134550,valid,"3 Vega, Patricio 69 Natacion Master Buin 2:35,00 2:14,55"
8,7,6,men 65-69 100 LC Meter backstroke,"Catalan, Sergio",65,Nunoa Master,4,"2:20,31","2:22,33",142330,valid,"4 Catalan, Sergio 65 Nunoa Master 2:20,31 2:22,33"
8,8,6,men 65-69 100 LC Meter backstroke,"Moreno, Luis",68,Nunoa Master,5,"2:50,00","2:31,67",151670,valid,"5 Moreno, Luis 68 Nunoa Master 2:50,00 2:31,67"
8,10,6,men 70-74 100 LC Meter backstroke,"Donoso, Juan",71,Master San Bernardo,1,"1:55,00","1:57,35",117350,valid,"1 Donoso, Juan 71 Master San Bernardo 1:55,00 1:57,35"
8,12,6,men 75-79 100 LC Meter backstroke,"Guadalupe, Jaime",77,Master Providencia,1,"2:20,00","2:16,25",136250,valid,"1 Guadalupe, Jaime 77 Master Providencia 2:20,00 2:16,25"
8,14,7,women 19 & Under 50 LC Meter breaststroke,"Chertcoff, Victoria",18,Agua Plena San Rafael,1,"44,00","48,12",48120,valid,"1 Chertcoff, Victoria 18 Agua Plena San Rafael 44,00 48,12"
8,16,7,women 20-24 50 LC Meter breaststroke,"Guinñazu, Selene",21,Aquaclub Maipu,1,"45,24","46,71",46710,valid,"1 Guinñazu, Selene 21 Aquaclub Maipu 45,24 46,71"
8,17,7,women 20-24 50 LC Meter breaststroke,"Rivas, Alondra",21,Pedro Aguirre Cerda,2,"1:11,00","1:14,40",74400,valid,"2 Rivas, Alondra 21 Pedro Aguirre Cerda 1:11,00 1:14,40"
8,19,7,women 25-29 50 LC Meter breaststroke,"Dave, Gisela",28,Aquaclub Maipu,1,"46,12","46,41",46410,valid,"1 Dave, Gisela 28 Aquaclub Maipu 46,12 46,41"
8,20,7,women 25-29 50 LC Meter breaststroke,"Araya, Sofia",27,100 por Ciento Swim,2,"48,00","47,26",47260,valid,"2 Araya, Sofia 27 100 por Ciento Swim 48,00 47,26"
8,21,7,women 25-29 50 LC Meter breaststroke,"Ubilla, Catalina",29,Penñalolen Master,3,"44,00","47,41",47410,valid,"3 Ubilla, Catalina 29 Penñalolen Master 44,00 47,41"
8,22,7,women 25-29 50 LC Meter breaststroke,"Rivera, Sofia",29,Calambre Swim Team,4,"48,00","48,84",48840,valid,"4 Rivera, Sofia 29 Calambre Swim Team 48,00 48,84"
8,23,7,women 25-29 50 LC Meter breaststroke,"Farias, Thiare",27,Pedro Aguirre Cerda,5,"55,20","53,29",53290,valid,"5 Farias, Thiare 27 Pedro Aguirre Cerda 55,20 53,29"
8,24,7,women 25-29 50 LC Meter breaststroke,"Tapia, Maria Jesus",25,Natacion Master Recoleta,6,"55,43","55,47",55470,valid,"6 Tapia, Maria Jesus 25 Natacion Master Recoleta 55,43 55,47"
8,25,7,women 25-29 50 LC Meter breaststroke,"Jimenez, Javiera",28,Calambre Swim Team,7,"1:00,00","1:01,61",61610,valid,"7 Jimenez, Javiera 28 Calambre Swim Team 1:00,00 1:01,61"
8,26,7,women 25-29 50 LC Meter breaststroke,"Carter, Daniela",28,Penñalolen Master,8,"1:30,00","1:03,35",63350,valid,"8 Carter, Daniela 28 Penñalolen Master 1:30,00 1:03,35"
8,27,7,women 25-29 50 LC Meter breaststroke,"Aguilera, Ayelen",27,Azul Natacion Mendoza,9,"56,20","1:08,36",68360,valid,"9 Aguilera, Ayelen 27 Azul Natacion Mendoza 56,20 1:08,36"
8,29,7,women 30-34 50 LC Meter breaststroke,"Zamora Tapia, Barbara",30,Master Vitacura Swim,1,"45,00","52,51",52510,valid,"1 Zamora Tapia, Barbara 30 Master Vitacura Swim 45,00 52,51"
8,30,7,women 30-34 50 LC Meter breaststroke,"Sanchez, Johana",31,Aquaclub Maipu,2,"52,98","52,82",52820,valid,"2 Sanchez, Johana 31 Aquaclub Maipu 52,98 52,82"
8,31,7,women 30-34 50 LC Meter breaststroke,"Largi, Stephanie",34,Orinoco Swim,3,"1:00,20","1:00,59",60590,valid,"3 Largi, Stephanie 34 Orinoco Swim 1:00,20 1:00,59"
8,32,7,women 30-34 50 LC Meter breaststroke,"Herrera Rojas, Gema",34,Penñalolen Master,4,"1:00,00","1:01,39",61390,valid,"4 Herrera Rojas, Gema 34 Penñalolen Master 1:00,00 1:01,39"
8,34,7,women 35-39 50 LC Meter breaststroke,"Nahuelpan, Nicole",36,100 por Ciento Swim,1,NT,"1:27,98",87980,valid,"1 Nahuelpan, Nicole 36 100 por Ciento Swim NT 1:27,98"
8,36,7,women 40-44 50 LC Meter breaststroke,"Mangiameli, Georgina",41,Nunoa Master,1,"46,70","47,06",47060,valid,"1 Mangiameli, Georgina 41 Nunoa Master 46,70 47,06"
8,37,7,women 40-44 50 LC Meter breaststroke,"Velasquez, Lenismar",44,Natacion Master Recoleta,2,"55,43","52,26",52260,valid,"2 Velasquez, Lenismar 44 Natacion Master Recoleta 55,43 52,26"
8,38,7,women 40-44 50 LC Meter breaststroke,"Aparicio, Adriana",40,Nunoa Master,3,"1:00,00","1:02,62",62620,valid,"3 Aparicio, Adriana 40 Nunoa Master 1:00,00 1:02,62"
8,39,7,women 40-44 50 LC Meter breaststroke,"Gonzalez, Daniela",43,Nunoa Master,4,"1:02,18","1:04,85",64850,valid,"4 Gonzalez, Daniela 43 Nunoa Master 1:02,18 1:04,85"
8,41,7,women 45-49 50 LC Meter breaststroke,"Arriola, Silvia",45,Aquaclub Maipu,1,"39,51","40,61",40610,valid,"1 Arriola, Silvia 45 Aquaclub Maipu 39,51 40,61"
8,42,7,women 45-49 50 LC Meter breaststroke,"Defosse, Carla",45,Master Providencia,2,"51,00","50,11",50110,valid,"2 Defosse, Carla 45 Master Providencia 51,00 50,11"
8,43,7,women 45-49 50 LC Meter breaststroke,"Pino, Carla",47,Nielol,3,"47,00","51,14",51140,valid,"3 Pino, Carla 47 Nielol 47,00 51,14"
8,44,7,women 45-49 50 LC Meter breaststroke,"Cooper, Karen",46,Master Providencia,4,"55,00","53,82",53820,valid,"4 Cooper, Karen 46 Master Providencia 55,00 53,82"
8,45,7,women 45-49 50 LC Meter breaststroke,"Rodriguez, Erika",48,Penñalolen Master,5,"1:06,64","1:09,16",69160,valid,"5 Rodriguez, Erika 48 Penñalolen Master 1:06,64 1:09,16"
8,46,7,women 45-49 50 LC Meter breaststroke,"Gauna, Noe",45,Azul Natacion Mendoza,6,"1:06,00","1:12,93",72930,valid,"6 Gauna, Noe 45 Azul Natacion Mendoza 1:06,00 1:12,93"
8,48,7,women 50-54 50 LC Meter breaststroke,"Jara, Carolina",52,Natacion Master Buin,1,"56,00","55,27",55270,valid,"1 Jara, Carolina 52 Natacion Master Buin 56,00 55,27"
8,49,7,women 50-54 50 LC Meter breaststroke,"Tapia, Julieta",51,Master Providencia,2,"59,00","57,11",57110,valid,"2 Tapia, Julieta 51 Master Providencia 59,00 57,11"
8,50,7,women 50-54 50 LC Meter breaststroke,"Ojeda, Veroénica",51,Penñalolen Master,3,"1:20,00","1:16,02",76020,valid,"3 Ojeda, Veroénica 51 Penñalolen Master 1:20,00 1:16,02"
9,5,7,women 55-59 50 LC Meter breaststroke,"Tapia, Marcela",58,Africa Natacion,1,"51,00","55,41",55410,valid,"1 Tapia, Marcela 58 Africa Natacion 51,00 55,41"
9,6,7,women 55-59 50 LC Meter breaststroke,"Dable, Marie Claire",57,Master Providencia,2,"1:00,00","57,81",57810,valid,"2 Dable, Marie Claire 57 Master Providencia 1:00,00 57,81"
9,7,7,women 55-59 50 LC Meter breaststroke,"Crocco, Gianina",58,Natacion Master Buin,3,"1:05,00","1:05,45",65450,valid,"3 Crocco, Gianina 58 Natacion Master Buin 1:05,00 1:05,45"
9,8,7,women 55-59 50 LC Meter breaststroke,"Ramíérez, Orieta",55,Penñalolen Master,4,"1:10,00","1:08,92",68920,valid,"4 Ramíérez, Orieta 55 Penñalolen Master 1:10,00 1:08,92"
9,9,7,women 55-59 50 LC Meter breaststroke,"Aros, Paola",55,Master Providencia,5,"1:05,00","1:12,37",72370,valid,"5 Aros, Paola 55 Master Providencia 1:05,00 1:12,37"
9,10,7,women 55-59 50 LC Meter breaststroke,"Amaro, Maria",56,Pedro Aguirre Cerda,6,"2:00,00","1:56,88",116880,valid,"6 Amaro, Maria 56 Pedro Aguirre Cerda 2:00,00 1:56,88"
9,12,7,women 60-64 50 LC Meter breaststroke,"Loayza, Alejandra",61,Master Providencia,1,"55,00","54,93",54930,valid,"1 Loayza, Alejandra 61 Master Providencia 55,00 54,93"
9,13,7,women 60-64 50 LC Meter breaststroke,"Acencio, Claudia",63,Master Providencia,2,"1:03,00","1:01,13",61130,valid,"2 Acencio, Claudia 63 Master Providencia 1:03,00 1:01,13"
9,14,7,women 60-64 50 LC Meter breaststroke,"Muüller, Bettina",62,Penñalolen Master,3,"1:03,00","1:05,63",65630,valid,"3 Muüller, Bettina 62 Penñalolen Master 1:03,00 1:05,63"
9,15,7,women 60-64 50 LC Meter breaststroke,"Quinones, Ema",61,Club Deportivo UC,4,"1:15,00","1:20,94",80940,valid,"4 Quinones, Ema 61 Club Deportivo UC 1:15,00 1:20,94"
9,16,7,women 60-64 50 LC Meter breaststroke,"Canñete, Soledad",63,Natacion Master Recoleta,5,"1:25,00","1:40,44",100440,valid,"5 Canñete, Soledad 63 Natacion Master Recoleta 1:25,00 1:40,44"
9,17,7,women 60-64 50 LC Meter breaststroke,"Acunña, Patricia",60,Master Providencia,6,"1:25,00","1:44,17",104170,valid,"6 Acunña, Patricia 60 Master Providencia 1:25,00 1:44,17"
9,19,7,women 65-69 50 LC Meter breaststroke,"Fuentes, Paulina",65,Club Koyaique,1,"47,20","49,56",49560,valid,"1 Fuentes, Paulina 65 Club Koyaique 47,20 49,56"
9,20,7,women 65-69 50 LC Meter breaststroke,"Pinto Galleguillos, Rosario Soledad",67,Penñalolen Master,2,"1:50,00","1:13,98",73980,valid,"2 Pinto Galleguillos, Rosario Soledad 67 Penñalolen Master 1:50,00 1:13,98"
9,21,7,women 65-69 50 LC Meter breaststroke,"Ayala, Elena",67,Master Providencia,3,"1:30,00","1:30,57",90570,valid,"3 Ayala, Elena 67 Master Providencia 1:30,00 1:30,57"
9,22,7,women 65-69 50 LC Meter breaststroke,"Alarcon, Silvia",68,Natacion Master Recoleta,4,"1:12,00","1:34,30",94300,valid,"4 Alarcon, Silvia 68 Natacion Master Recoleta 1:12,00 1:34,30"
9,24,7,women 70-74 50 LC Meter breaststroke,"Toro, Soledad",72,Master Providencia,1,"1:25,00","1:25,47",85470,valid,"1 Toro, Soledad 72 Master Providencia 1:25,00 1:25,47"
9,25,7,women 70-74 50 LC Meter breaststroke,"Robles, Graciela",73,Nunoa Master,2,"2:19,42","2:13,50",133500,valid,"2 Robles, Graciela 73 Nunoa Master 2:19,42 2:13,50"
9,27,7,women 75-79 50 LC Meter breaststroke,"Nunñez, Elizabeth",77,Master Providencia,1,"1:25,00","1:27,88",87880,valid,"1 Nunñez, Elizabeth 77 Master Providencia 1:25,00 1:27,88"
9,29,8,men 20-24 50 LC Meter breaststroke,"Flores, Jose Luis",20,Pedro Aguirre Cerda,1,"40,30","40,15",40150,valid,"1 Flores, Jose Luis 20 Pedro Aguirre Cerda 40,30 40,15"
9,30,8,men 20-24 50 LC Meter breaststroke,"Zapata Esquivel, Tomas Benja",24,Aquaclub Maipu,2,"43,34","42,28",42280,valid,"2 Zapata Esquivel, Tomas Benja 24 Aquaclub Maipu 43,34 42,28"
9,31,8,men 20-24 50 LC Meter breaststroke,"Caro, Martin",20,Pedro Aguirre Cerda,3,"42,30","43,78",43780,valid,"3 Caro, Martin 20 Pedro Aguirre Cerda 42,30 43,78"
9,32,8,men 20-24 50 LC Meter breaststroke,"Rivas, Leo",24,Azul Natacion Mendoza,4,"43,48","44,35",44350,valid,"4 Rivas, Leo 24 Azul Natacion Mendoza 43,48 44,35"
9,33,8,men 20-24 50 LC Meter breaststroke,"Trilla, Ignacio",21,Azul Natacion Mendoza,5,"48,30","46,01",46010,valid,"5 Trilla, Ignacio 21 Azul Natacion Mendoza 48,30 46,01"
9,34,8,men 20-24 50 LC Meter breaststroke,"Moron, Martin",22,Azul Natacion Mendoza,6,"48,30","49,29",49290,valid,"6 Moron, Martin 22 Azul Natacion Mendoza 48,30 49,29"
9,35,8,men 20-24 50 LC Meter breaststroke,"Torres, Tomas",22,Golden,7,"50,00","50,84",50840,valid,"7 Torres, Tomas 22 Golden 50,00 50,84"
9,37,8,men 25-29 50 LC Meter breaststroke,"Moreno, Julian",29,Aquaclub Maipu,1,"38,60","37,36",37360,valid,"1 Moreno, Julian 29 Aquaclub Maipu 38,60 37,36"
9,38,8,men 25-29 50 LC Meter breaststroke,"Rodriguez, Santi",27,Azul Natacion Mendoza,2,"40,10","38,91",38910,valid,"2 Rodriguez, Santi 27 Azul Natacion Mendoza 40,10 38,91"
9,39,8,men 25-29 50 LC Meter breaststroke,"Silva, Benjamin",25,Natacion Master Recoleta,3,"40,00","44,08",44080,valid,"3 Silva, Benjamin 25 Natacion Master Recoleta 40,00 44,08"
9,40,8,men 25-29 50 LC Meter breaststroke,"Ros, Matias",29,Aquaclub Maipu,4,"46,00","45,10",45100,valid,"4 Ros, Matias 29 Aquaclub Maipu 46,00 45,10"
9,41,8,men 25-29 50 LC Meter breaststroke,"Valenzuela, Osvaldo",26,Natacion Master Recoleta,5,"47,29","45,24",45240,valid,"5 Valenzuela, Osvaldo 26 Natacion Master Recoleta 47,29 45,24"
9,42,8,men 25-29 50 LC Meter breaststroke,"Meneses, Felipe",27,Pedro Aguirre Cerda,6,"44,20","45,52",45520,valid,"6 Meneses, Felipe 27 Pedro Aguirre Cerda 44,20 45,52"
9,43,8,men 25-29 50 LC Meter breaststroke,"Bolanños, Kleiber",29,Pedro Aguirre Cerda,7,"1:50,00","47,53",47530,valid,"7 Bolanños, Kleiber 29 Pedro Aguirre Cerda 1:50,00 47,53"
9,44,8,men 25-29 50 LC Meter breaststroke,"Aguilera, Gonzalo",27,Penñalolen Master,8,"55,00","49,87",49870,valid,"8 Aguilera, Gonzalo 27 Penñalolen Master 55,00 49,87"
9,45,8,men 25-29 50 LC Meter breaststroke,"Perez, Maximiliano",28,Agua Plena San Rafael,9,"43,00","50,44",50440,valid,"9 Perez, Maximiliano 28 Agua Plena San Rafael 43,00 50,44"
9,46,8,men 25-29 50 LC Meter breaststroke,"Saavedra, Lucas",25,Penñalolen Master,10,"53,00","51,28",51280,valid,"10 Saavedra, Lucas 25 Penñalolen Master 53,00 51,28"
9,47,8,men 25-29 50 LC Meter breaststroke,"Yanñez, Sebastian",27,Natacion Master Recoleta,11,"47,29","51,47",51470,valid,"11 Yanñez, Sebastian 27 Natacion Master Recoleta 47,29 51,47"
9,48,8,men 25-29 50 LC Meter breaststroke,"Monsalve, Nicolas",27,Natacion Master Recoleta,12,"55,01","54,26",54260,valid,"12 Monsalve, Nicolas 27 Natacion Master Recoleta 55,01 54,26"
9,50,8,men 30-34 50 LC Meter breaststroke,"Cantoro, Sergio",33,Aquaclub Maipu,1,"37,42","37,90",37900,valid,"1 Cantoro, Sergio 33 Aquaclub Maipu 37,42 37,90"
9,51,8,men 30-34 50 LC Meter breaststroke,"Castellano, Ricardo",31,Nunoa Master,2,"40,50","39,28",39280,valid,"2 Castellano, Ricardo 31 Nunoa Master 40,50 39,28"
9,52,8,men 30-34 50 LC Meter breaststroke,"Becerra, Martin",30,Pedro Aguirre Cerda,3,"42,40","41,80",41800,valid,"3 Becerra, Martin 30 Pedro Aguirre Cerda 42,40 41,80"
10,5,8,men 30-34 50 LC Meter breaststroke,"Miranda, Milanch",33,Calambre Swim Team,4,"44,00","42,61",42610,valid,"4 Miranda, Milanch 33 Calambre Swim Team 44,00 42,61"
10,6,8,men 30-34 50 LC Meter breaststroke,"Orrego, Ariel",31,Calambre Swim Team,5,"45,00","48,49",48490,valid,"5 Orrego, Ariel 31 Calambre Swim Team 45,00 48,49"
10,7,8,men 30-34 50 LC Meter breaststroke,"Barrera, Barrera",32,Azul Natacion Mendoza,6,"52,00","54,04",54040,valid,"6 Barrera, Barrera 32 Azul Natacion Mendoza 52,00 54,04"
10,8,8,men 30-34 50 LC Meter breaststroke,"Ruiz, Javier",30,Agua Plena San Rafael,,"52,00",DQ,,dsq,"--- Ruiz, Javier 30 Agua Plena San Rafael 52,00 DQ"
10,10,8,men 35-39 50 LC Meter breaststroke,"Him, Carlos",36,Orinoco Swim,1,NT,"37,82",37820,valid,"1 Him, Carlos 36 Orinoco Swim NT 37,82"
10,11,8,men 35-39 50 LC Meter breaststroke,"Carrera, Angel",35,Nunoa Master,2,"38,32","40,33",40330,valid,"2 Carrera, Angel 35 Nunoa Master 38,32 40,33"
10,12,8,men 35-39 50 LC Meter breaststroke,"Barreto, Yuhneyber",39,Pedro Aguirre Cerda,3,"43,40","43,53",43530,valid,"3 Barreto, Yuhneyber 39 Pedro Aguirre Cerda 43,40 43,53"
10,13,8,men 35-39 50 LC Meter breaststroke,"Rivera, Luis",37,Natacion Master Recoleta,4,"47,29","43,70",43700,valid,"4 Rivera, Luis 37 Natacion Master Recoleta 47,29 43,70"
10,14,8,men 35-39 50 LC Meter breaststroke,"Guajardo, Juan Pablo",39,Penñalolen Master,5,"48,00","44,77",44770,valid,"5 Guajardo, Juan Pablo 39 Penñalolen Master 48,00 44,77"
10,15,8,men 35-39 50 LC Meter breaststroke,"Sanchez, Marco",37,Master Providencia,6,"55,00","48,69",48690,valid,"6 Sanchez, Marco 37 Master Providencia 55,00 48,69"
10,16,8,men 35-39 50 LC Meter breaststroke,"Gonzalez, Matias",35,Aquaclub Maipu,7,"53,09","55,36",55360,valid,"7 Gonzalez, Matias 35 Aquaclub Maipu 53,09 55,36"
10,17,8,men 35-39 50 LC Meter breaststroke,"Le Cerf, Patricio",36,Orinoco Swim,8,"1:02,18","1:00,70",60700,valid,"8 Le Cerf, Patricio 36 Orinoco Swim 1:02,18 1:00,70"
10,19,8,men 40-44 50 LC Meter breaststroke,"Gomez, Carlos",43,Nunoa Master,1,"38,11","37,66",37660,valid,"1 Gomez, Carlos 43 Nunoa Master 38,11 37,66"
10,20,8,men 40-44 50 LC Meter breaststroke,"Gonzalez, German",42,Master Providencia,2,"37,00","38,79",38790,valid,"2 Gonzalez, German 42 Master Providencia 37,00 38,79"
10,21,8,men 40-44 50 LC Meter breaststroke,"Osses, Daniel",41,Nunoa Master,3,"41,02","40,92",40920,valid,"3 Osses, Daniel 41 Nunoa Master 41,02 40,92"
10,22,8,men 40-44 50 LC Meter breaststroke,"Arce, Javier",40,Calambre Swim Team,4,"43,00","42,44",42440,valid,"4 Arce, Javier 40 Calambre Swim Team 43,00 42,44"
10,23,8,men 40-44 50 LC Meter breaststroke,"Torres, Renzo",42,Natacion Master Recoleta,5,"42,00","42,78",42780,valid,"5 Torres, Renzo 42 Natacion Master Recoleta 42,00 42,78"
10,24,8,men 40-44 50 LC Meter breaststroke,"Vergara, Bruno",43,Nunoa Master,6,"38,11","43,74",43740,valid,"6 Vergara, Bruno 43 Nunoa Master 38,11 43,74"
10,25,8,men 40-44 50 LC Meter breaststroke,"Diaz, Andres",42,Master Providencia,7,"1:05,00","1:01,28",61280,valid,"7 Diaz, Andres 42 Master Providencia 1:05,00 1:01,28"
10,27,8,men 45-49 50 LC Meter breaststroke,"Valenzuela, Patricio A",48,Iron Swim Master,1,"35,00","36,53",36530,valid,"1 Valenzuela, Patricio A 48 Iron Swim Master 35,00 36,53"
10,28,8,men 45-49 50 LC Meter breaststroke,"Winter, Juan Enrique",46,Club Deportivo UC,2,"40,00","40,97",40970,valid,"2 Winter, Juan Enrique 46 Club Deportivo UC 40,00 40,97"
10,29,8,men 45-49 50 LC Meter breaststroke,"Cerrada, Yorggyn",47,Natacion Master Recoleta,3,"40,00","42,12",42120,valid,"3 Cerrada, Yorggyn 47 Natacion Master Recoleta 40,00 42,12"
10,30,8,men 45-49 50 LC Meter breaststroke,"Rojas, Freddy",47,100 por Ciento Swim,4,NT,"43,95",43950,valid,"4 Rojas, Freddy 47 100 por Ciento Swim NT 43,95"
10,31,8,men 45-49 50 LC Meter breaststroke,"Parada, Oscar",48,Nunoa Master,5,"44,05","45,52",45520,valid,"5 Parada, Oscar 48 Nunoa Master 44,05 45,52"
10,32,8,men 45-49 50 LC Meter breaststroke,"Paredes, David",46,Penñalolen Master,6,"2:00,00","46,21",46210,valid,"6 Paredes, David 46 Penñalolen Master 2:00,00 46,21"
10,33,8,men 45-49 50 LC Meter breaststroke,"Cabello, Daniel",45,Natacion Master Recoleta,7,"45,23","47,70",47700,valid,"7 Cabello, Daniel 45 Natacion Master Recoleta 45,23 47,70"
10,34,8,men 45-49 50 LC Meter breaststroke,"Vidal, Rodrigo",48,Penñalolen Master,8,"1:00,00","51,22",51220,valid,"8 Vidal, Rodrigo 48 Penñalolen Master 1:00,00 51,22"
10,35,8,men 45-49 50 LC Meter breaststroke,"Maureira, Luis",47,Pedro Aguirre Cerda,9,"56,48","54,82",54820,valid,"9 Maureira, Luis 47 Pedro Aguirre Cerda 56,48 54,82"
10,36,8,men 45-49 50 LC Meter breaststroke,"Soria, Gabriel",47,Master Providencia,10,"1:00,00","1:06,22",66220,valid,"10 Soria, Gabriel 47 Master Providencia 1:00,00 1:06,22"
10,38,8,men 50-54 50 LC Meter breaststroke,"Reis, Nelson",50,Penñalolen Master,1,"36,90","34,96",34960,valid,"1 Reis, Nelson 50 Penñalolen Master 36,90 34,96"
10,39,8,men 50-54 50 LC Meter breaststroke,"Lucena, Larry",51,Nunoa Master,2,"43,11","43,94",43940,valid,"2 Lucena, Larry 51 Nunoa Master 43,11 43,94"
10,40,8,men 50-54 50 LC Meter breaststroke,"Siqueira, Pablo",53,Penñalolen Master,3,"50,00","53,68",53680,valid,"3 Siqueira, Pablo 53 Penñalolen Master 50,00 53,68"
10,41,8,men 50-54 50 LC Meter breaststroke,"Romo, Fabri",52,Azul Natacion Mendoza,4,"59,60","54,62",54620,valid,"4 Romo, Fabri 52 Azul Natacion Mendoza 59,60 54,62"
10,43,8,men 55-59 50 LC Meter breaststroke,"Biason, Marcelo",56,Golden,1,"45,00","40,39",40390,valid,"1 Biason, Marcelo 56 Golden 45,00 40,39"
10,44,8,men 55-59 50 LC Meter breaststroke,"Silva, Raul",56,Penñalolen Master,2,"43,63","44,02",44020,valid,"2 Silva, Raul 56 Penñalolen Master 43,63 44,02"
10,45,8,men 55-59 50 LC Meter breaststroke,"Smith, Carlos",58,Master Providencia,3,"47,00","44,39",44390,valid,"3 Smith, Carlos 58 Master Providencia 47,00 44,39"
10,46,8,men 55-59 50 LC Meter breaststroke,"Ubilla, Juan Carlos",56,Penñalolen Master,4,"48,00","48,60",48600,valid,"4 Ubilla, Juan Carlos 56 Penñalolen Master 48,00 48,60"
10,47,8,men 55-59 50 LC Meter breaststroke,"Panetti, Mario",59,Golden,5,"55,00","51,73",51730,valid,"5 Panetti, Mario 59 Golden 55,00 51,73"
10,48,8,men 55-59 50 LC Meter breaststroke,"Gonzaélez, Rodrigo",58,Penñalolen Master,6,"1:00,00","56,97",56970,valid,"6 Gonzaélez, Rodrigo 58 Penñalolen Master 1:00,00 56,97"
10,50,8,men 60-64 50 LC Meter breaststroke,"Fuenzalida, Roberto",64,Penñalolen Master,1,"45,00","46,70",46700,valid,"1 Fuenzalida, Roberto 64 Penñalolen Master 45,00 46,70"
10,51,8,men 60-64 50 LC Meter breaststroke,"Reyes Arenas, Eugenio",61,Penñalolen Master,2,"54,53","53,69",53690,valid,"2 Reyes Arenas, Eugenio 61 Penñalolen Master 54,53 53,69"
10,52,8,men 60-64 50 LC Meter breaststroke,"Vargas, Jose Luis",60,Golden,3,"1:06,94","1:10,65",70650,valid,"3 Vargas, Jose Luis 60 Golden 1:06,94 1:10,65"
11,5,8,men 65-69 50 LC Meter breaststroke,"Cantoé, Claudio",66,Penñalolen Master,1,"50,00","45,54",45540,valid,"1 Cantoé, Claudio 66 Penñalolen Master 50,00 45,54"
11,6,8,men 65-69 50 LC Meter breaststroke,"Cabello Tilleria, Jorge",68,Penñalolen Master,2,"45,00","47,43",47430,valid,"2 Cabello Tilleria, Jorge 68 Penñalolen Master 45,00 47,43"
11,7,8,men 65-69 50 LC Meter breaststroke,"Cabello, Andres T",69,Iron Swim Master,3,"50,00","53,41",53410,valid,"3 Cabello, Andres T 69 Iron Swim Master 50,00 53,41"
11,8,8,men 65-69 50 LC Meter breaststroke,"Catalan, Sergio",65,Nunoa Master,4,"1:02,35","59,77",59770,valid,"4 Catalan, Sergio 65 Nunoa Master 1:02,35 59,77"
11,9,8,men 65-69 50 LC Meter breaststroke,"Rasse, Patricio",67,Master Providencia,5,"1:10,00","1:02,03",62030,valid,"5 Rasse, Patricio 67 Master Providencia 1:10,00 1:02,03"
11,10,8,men 65-69 50 LC Meter breaststroke,"Toledo, Fredi",67,Natacion Master Recoleta,6,"1:10,00","1:02,21",62210,valid,"6 Toledo, Fredi 67 Natacion Master Recoleta 1:10,00 1:02,21"
11,11,8,men 65-69 50 LC Meter breaststroke,"Vega, Patricio",69,Natacion Master Buin,7,"1:10,00","1:05,62",65620,valid,"7 Vega, Patricio 69 Natacion Master Buin 1:10,00 1:05,62"
11,12,8,men 65-69 50 LC Meter breaststroke,"Moreno, Luis",68,Nunoa Master,8,"1:15,30","1:19,21",79210,valid,"8 Moreno, Luis 68 Nunoa Master 1:15,30 1:19,21"
11,14,8,men 70-74 50 LC Meter breaststroke,"Guerrero, Roberto",70,Master San Bernardo,1,"1:45,00","1:08,12",68120,valid,"1 Guerrero, Roberto 70 Master San Bernardo 1:45,00 1:08,12"
11,15,8,men 70-74 50 LC Meter breaststroke,"Alvarez, Ricardo",73,Nunoa Master,2,"1:26,52","1:30,43",90430,valid,"2 Alvarez, Ricardo 73 Nunoa Master 1:26,52 1:30,43"
11,17,8,men 75-79 50 LC Meter breaststroke,"Guerra B, Manfredo",75,Calambre Swim Team,1,"44,00","44,46",44460,valid,"1 Guerra B, Manfredo 75 Calambre Swim Team 44,00 44,46"
11,18,8,men 75-79 50 LC Meter breaststroke,"Guadalupe, Jaime",77,Master Providencia,2,"1:05,00","1:04,19",64190,valid,"2 Guadalupe, Jaime 77 Master Providencia 1:05,00 1:04,19"
11,19,8,men 75-79 50 LC Meter breaststroke,"Huerta, Oscar",75,Penñalolen Master,,"2:00,00",DQ,,dsq,"--- Huerta, Oscar 75 Penñalolen Master 2:00,00 DQ"
11,21,8,men 80-84 50 LC Meter breaststroke,"Ferrando, Nestor",84,Nunoa Master,1,"1:27,30","1:21,88",81880,valid,"1 Ferrando, Nestor 84 Nunoa Master 1:27,30 1:21,88"
11,23,9,women 19 & Under 100 LC Meter freestyle,"Chertcoff, Victoria",18,Agua Plena San Rafael,1,"1:15,00","1:16,21",76210,valid,"1 Chertcoff, Victoria 18 Agua Plena San Rafael 1:15,00 1:16,21"
11,25,9,women 20-24 100 LC Meter freestyle,"Avila, Sofia",21,Orinoco Swim,1,"1:18,23","1:24,41",84410,valid,"1 Avila, Sofia 21 Orinoco Swim 1:18,23 1:24,41"
11,26,9,women 20-24 100 LC Meter freestyle,"Guinñazu, Selene",21,Aquaclub Maipu,2,"1:32,46","1:28,01",88010,valid,"2 Guinñazu, Selene 21 Aquaclub Maipu 1:32,46 1:28,01"
11,27,9,women 20-24 100 LC Meter freestyle,"Rivas, Alondra",21,Pedro Aguirre Cerda,3,"2:25,00","1:43,19",103190,valid,"3 Rivas, Alondra 21 Pedro Aguirre Cerda 2:25,00 1:43,19"
11,29,9,women 25-29 100 LC Meter freestyle,"Mellado, Ana Laura",25,Aquaclub Maipu,1,"1:12,63","1:13,25",73250,valid,"1 Mellado, Ana Laura 25 Aquaclub Maipu 1:12,63 1:13,25"
11,30,9,women 25-29 100 LC Meter freestyle,"Nunñez, Manuela",29,Master Providencia,2,"1:18,00","1:19,73",79730,valid,"2 Nunñez, Manuela 29 Master Providencia 1:18,00 1:19,73"
11,31,9,women 25-29 100 LC Meter freestyle,"Rivera, Sofia",29,Calambre Swim Team,3,"1:19,00","1:21,60",81600,valid,"3 Rivera, Sofia 29 Calambre Swim Team 1:19,00 1:21,60"
11,32,9,women 25-29 100 LC Meter freestyle,"Farias, Thiare",27,Pedro Aguirre Cerda,4,"1:35,80","1:36,62",96620,valid,"4 Farias, Thiare 27 Pedro Aguirre Cerda 1:35,80 1:36,62"
11,33,9,women 25-29 100 LC Meter freestyle,"Tapia, Maria Jesus",25,Natacion Master Recoleta,5,"1:37,54","1:38,93",98930,valid,"5 Tapia, Maria Jesus 25 Natacion Master Recoleta 1:37,54 1:38,93"
11,34,9,women 25-29 100 LC Meter freestyle,"Aguilera, Ayelen",27,Azul Natacion Mendoza,6,"1:51,14","1:50,85",110850,valid,"6 Aguilera, Ayelen 27 Azul Natacion Mendoza 1:51,14 1:50,85"
11,35,9,women 25-29 100 LC Meter freestyle,"Jimenez, Javiera",28,Calambre Swim Team,7,"1:34,00","1:51,06",111060,valid,"7 Jimenez, Javiera 28 Calambre Swim Team 1:34,00 1:51,06"
11,37,9,women 30-34 100 LC Meter freestyle,"Lopez, Diane",30,Pedro Aguirre Cerda,1,"1:20,00","1:25,07",85070,valid,"1 Lopez, Diane 30 Pedro Aguirre Cerda 1:20,00 1:25,07"
11,38,9,women 30-34 100 LC Meter freestyle,"Sanchez, Johana",31,Aquaclub Maipu,2,"1:39,85","1:32,15",92150,valid,"2 Sanchez, Johana 31 Aquaclub Maipu 1:39,85 1:32,15"
11,39,9,women 30-34 100 LC Meter freestyle,"Largi, Stephanie",34,Orinoco Swim,3,"1:47,22","1:45,38",105380,valid,"3 Largi, Stephanie 34 Orinoco Swim 1:47,22 1:45,38"
11,41,9,women 35-39 100 LC Meter freestyle,"Vacher, Francisca",35,Golden,1,"1:14,43","1:15,52",75520,valid,"1 Vacher, Francisca 35 Golden 1:14,43 1:15,52"
11,42,9,women 35-39 100 LC Meter freestyle,"Godoy, Ana",37,Nunoa Master,2,"1:18,20","1:16,19",76190,valid,"2 Godoy, Ana 37 Nunoa Master 1:18,20 1:16,19"
11,43,9,women 35-39 100 LC Meter freestyle,"Nahuelpan, Nicole",36,100 por Ciento Swim,3,NT,"1:50,71",110710,valid,"3 Nahuelpan, Nicole 36 100 por Ciento Swim NT 1:50,71"
11,45,9,women 40-44 100 LC Meter freestyle,"Penña, Daniela",40,Orinoco Swim,1,"1:12,23","1:19,98",79980,valid,"1 Penña, Daniela 40 Orinoco Swim 1:12,23 1:19,98"
11,46,9,women 40-44 100 LC Meter freestyle,"Rodriguez, Diana",41,Nunoa Master,2,"1:25,00","1:21,39",81390,valid,"2 Rodriguez, Diana 41 Nunoa Master 1:25,00 1:21,39"
11,47,9,women 40-44 100 LC Meter freestyle,"Mangiameli, Georgina",41,Nunoa Master,3,"1:35,60","1:30,41",90410,valid,"3 Mangiameli, Georgina 41 Nunoa Master 1:35,60 1:30,41"
11,48,9,women 40-44 100 LC Meter freestyle,"Aparicio, Adriana",40,Nunoa Master,4,"1:43,00","1:39,13",99130,valid,"4 Aparicio, Adriana 40 Nunoa Master 1:43,00 1:39,13"
11,50,9,women 45-49 100 LC Meter freestyle,"Guadalupe, Paula",48,Master Providencia,1,"1:20,00","1:17,40",77400,valid,"1 Guadalupe, Paula 48 Master Providencia 1:20,00 1:17,40"
12,5,9,women 45-49 100 LC Meter freestyle,"Pino, Carla",47,Nielol,2,"1:14,00","1:21,03",81030,valid,"2 Pino, Carla 47 Nielol 1:14,00 1:21,03"
12,6,9,women 45-49 100 LC Meter freestyle,"Defosse, Carla",45,Master Providencia,3,"1:26,50","1:25,46",85460,valid,"3 Defosse, Carla 45 Master Providencia 1:26,50 1:25,46"
12,7,9,women 45-49 100 LC Meter freestyle,"Vasquez, Carola",49,Natacion Master Recoleta,4,"1:37,54","1:32,02",92020,valid,"4 Vasquez, Carola 49 Natacion Master Recoleta 1:37,54 1:32,02"
12,8,9,women 45-49 100 LC Meter freestyle,"Aguilar, Glaisa",48,Nunoa Master,5,"1:35,17","1:32,07",92070,valid,"5 Aguilar, Glaisa 48 Nunoa Master 1:35,17 1:32,07"
12,9,9,women 45-49 100 LC Meter freestyle,"Rodriguez, Erika",48,Penñalolen Master,6,"1:43,00","1:46,95",106950,valid,"6 Rodriguez, Erika 48 Penñalolen Master 1:43,00 1:46,95"
12,10,9,women 45-49 100 LC Meter freestyle,"Gauna, Noe",45,Azul Natacion Mendoza,7,"1:46,00","2:09,64",129640,valid,"7 Gauna, Noe 45 Azul Natacion Mendoza 1:46,00 2:09,64"
12,12,9,women 50-54 100 LC Meter freestyle,"Jara, Carolina",52,Natacion Master Buin,1,"1:40,00","1:37,04",97040,valid,"1 Jara, Carolina 52 Natacion Master Buin 1:40,00 1:37,04"
12,13,9,women 50-54 100 LC Meter freestyle,"Gonzalez, Elena",52,Nunoa Master,2,"1:44,44","1:47,32",107320,valid,"2 Gonzalez, Elena 52 Nunoa Master 1:44,44 1:47,32"
12,14,9,women 50-54 100 LC Meter freestyle,"Ojeda, Veroénica",51,Penñalolen Master,3,"1:45,00","1:49,65",109650,valid,"3 Ojeda, Veroénica 51 Penñalolen Master 1:45,00 1:49,65"
12,15,9,women 50-54 100 LC Meter freestyle,"Vera, Claudia",52,Natacion Master Recoleta,4,"1:55,72","1:57,96",117960,valid,"4 Vera, Claudia 52 Natacion Master Recoleta 1:55,72 1:57,96"
12,16,9,women 50-54 100 LC Meter freestyle,"Cabeza, Marisel",52,Nunoa Master,5,"2:02,00","2:07,61",127610,valid,"5 Cabeza, Marisel 52 Nunoa Master 2:02,00 2:07,61"
12,18,9,women 55-59 100 LC Meter freestyle,"Crocco, Gianina",58,Natacion Master Buin,1,"1:45,00","1:37,71",97710,valid,"1 Crocco, Gianina 58 Natacion Master Buin 1:45,00 1:37,71"
12,19,9,women 55-59 100 LC Meter freestyle,"Dable, Marie Claire",57,Master Providencia,2,"1:42,00","1:39,98",99980,valid,"2 Dable, Marie Claire 57 Master Providencia 1:42,00 1:39,98"
12,20,9,women 55-59 100 LC Meter freestyle,"Ramíérez, Orieta",55,Penñalolen Master,3,"1:58,00","1:51,66",111660,valid,"3 Ramíérez, Orieta 55 Penñalolen Master 1:58,00 1:51,66"
12,21,9,women 55-59 100 LC Meter freestyle,"Perez, Paulina",56,Natacion Master Recoleta,4,"1:55,10","1:58,05",118050,valid,"4 Perez, Paulina 56 Natacion Master Recoleta 1:55,10 1:58,05"
12,22,9,women 55-59 100 LC Meter freestyle,"Aros, Paola",55,Master Providencia,5,"1:55,00","2:01,62",121620,valid,"5 Aros, Paola 55 Master Providencia 1:55,00 2:01,62"
12,23,9,women 55-59 100 LC Meter freestyle,"Amaro, Maria",56,Pedro Aguirre Cerda,6,"2:26,90","2:11,21",131210,valid,"6 Amaro, Maria 56 Pedro Aguirre Cerda 2:26,90 2:11,21"
12,25,9,women 60-64 100 LC Meter freestyle,"Case, Cynthia",64,Master Providencia,1,"1:22,00","1:24,20",84200,valid,"1 Case, Cynthia 64 Master Providencia 1:22,00 1:24,20"
12,26,9,women 60-64 100 LC Meter freestyle,"Acencio, Claudia",63,Master Providencia,2,"1:45,00","1:39,77",99770,valid,"2 Acencio, Claudia 63 Master Providencia 1:45,00 1:39,77"
12,27,9,women 60-64 100 LC Meter freestyle,"Muüller, Bettina",62,Penñalolen Master,3,"1:55,00","1:50,06",110060,valid,"3 Muüller, Bettina 62 Penñalolen Master 1:55,00 1:50,06"
12,28,9,women 60-64 100 LC Meter freestyle,"Reyes, Irene",62,Pedro Aguirre Cerda,4,"2:03,30","2:04,82",124820,valid,"4 Reyes, Irene 62 Pedro Aguirre Cerda 2:03,30 2:04,82"
12,29,9,women 60-64 100 LC Meter freestyle,"Canñete, Soledad",63,Natacion Master Recoleta,5,"2:20,00","2:09,85",129850,valid,"5 Canñete, Soledad 63 Natacion Master Recoleta 2:20,00 2:09,85"
12,30,9,women 60-64 100 LC Meter freestyle,"Acunña, Patricia",60,Master Providencia,6,"2:15,00","2:22,68",142680,valid,"6 Acunña, Patricia 60 Master Providencia 2:15,00 2:22,68"
12,31,9,women 60-64 100 LC Meter freestyle,"Moncada, Marisol",61,Natacion Master Recoleta,7,"2:13,70","2:44,66",164660,valid,"7 Moncada, Marisol 61 Natacion Master Recoleta 2:13,70 2:44,66"
12,33,9,women 65-69 100 LC Meter freestyle,"Pinto Galleguillos, Rosario Soledad",67,Penñalolen Master,1,"1:45,00","1:41,66",101660,valid,"1 Pinto Galleguillos, Rosario Soledad 67 Penñalolen Master 1:45,00 1:41,66"
12,34,9,women 65-69 100 LC Meter freestyle,"Alarcon, Silvia",68,Natacion Master Recoleta,2,"2:04,81","2:07,88",127880,valid,"2 Alarcon, Silvia 68 Natacion Master Recoleta 2:04,81 2:07,88"
12,35,9,women 65-69 100 LC Meter freestyle,"Concha, Elizabeth",68,Nunoa Master,3,"2:11,00","2:11,91",131910,valid,"3 Concha, Elizabeth 68 Nunoa Master 2:11,00 2:11,91"
12,36,9,women 65-69 100 LC Meter freestyle,"Ayala, Elena",67,Master Providencia,4,"2:45,00","3:13,04",193040,valid,"4 Ayala, Elena 67 Master Providencia 2:45,00 3:13,04"
12,38,9,women 70-74 100 LC Meter freestyle,"Munñoz, Maria",70,Nunoa Master,1,"2:20,95","2:21,31",141310,valid,"1 Munñoz, Maria 70 Nunoa Master 2:20,95 2:21,31"
12,39,9,women 70-74 100 LC Meter freestyle,"Toro, Soledad",72,Master Providencia,2,"2:25,00","2:23,65",143650,valid,"2 Toro, Soledad 72 Master Providencia 2:25,00 2:23,65"
12,40,9,women 70-74 100 LC Meter freestyle,"Robles, Graciela",73,Nunoa Master,3,"3:05,11","2:58,97",178970,valid,"3 Robles, Graciela 73 Nunoa Master 3:05,11 2:58,97"
12,42,9,women 75-79 100 LC Meter freestyle,"Nunñez, Elizabeth",77,Master Providencia,1,"2:18,00","2:10,81",130810,valid,"1 Nunñez, Elizabeth 77 Master Providencia 2:18,00 2:10,81"
12,44,9,women 85-89 100 LC Meter freestyle,"Escudero, Oriele",85,Nunoa Master,1,"2:38,33","2:45,51",165510,valid,"1 Escudero, Oriele 85 Nunoa Master 2:38,33 2:45,51"
12,46,10,men 19 & Under 100 LC Meter freestyle,"Reis Aguayo, Nelson",19,Penñalolen Master,1,"1:03,00","1:04,84",64840,valid,"1 Reis Aguayo, Nelson 19 Penñalolen Master 1:03,00 1:04,84"
12,47,10,men 19 & Under 100 LC Meter freestyle,"Rodriguez, Joaquin",19,Agua Plena San Rafael,2,"1:19,00","1:35,89",95890,valid,"2 Rodriguez, Joaquin 19 Agua Plena San Rafael 1:19,00 1:35,89"
12,49,10,men 20-24 100 LC Meter freestyle,"Gonzalez, Joaquin",23,Natacion Master Recoleta,1,"1:06,00","1:11,49",71490,valid,"1 Gonzalez, Joaquin 23 Natacion Master Recoleta 1:06,00 1:11,49"
12,50,10,men 20-24 100 LC Meter freestyle,"Flores, Jose Luis",20,Pedro Aguirre Cerda,2,"1:10,30","1:12,18",72180,valid,"2 Flores, Jose Luis 20 Pedro Aguirre Cerda 1:10,30 1:12,18"
13,5,10,men 20-24 100 LC Meter freestyle,"Zapata Esquivel, Tomas Benja",24,Aquaclub Maipu,3,"1:15,80","1:16,45",76450,valid,"3 Zapata Esquivel, Tomas Benja 24 Aquaclub Maipu 1:15,80 1:16,45"
13,6,10,men 20-24 100 LC Meter freestyle,"Trilla, Ignacio",21,Azul Natacion Mendoza,4,"1:22,67","1:20,34",80340,valid,"4 Trilla, Ignacio 21 Azul Natacion Mendoza 1:22,67 1:20,34"
13,7,10,men 20-24 100 LC Meter freestyle,"Caro, Martin",20,Pedro Aguirre Cerda,5,"1:17,80","1:21,81",81810,valid,"5 Caro, Martin 20 Pedro Aguirre Cerda 1:17,80 1:21,81"
13,8,10,men 20-24 100 LC Meter freestyle,"Moron, Martin",22,Azul Natacion Mendoza,6,"1:25,00","1:25,00",85000,valid,"6 Moron, Martin 22 Azul Natacion Mendoza 1:25,00 1:25,00"
13,10,10,men 25-29 100 LC Meter freestyle,"Bulnes, Martin",27,Golden,1,"1:05,00","1:04,70",64700,valid,"1 Bulnes, Martin 27 Golden 1:05,00 1:04,70"
13,11,10,men 25-29 100 LC Meter freestyle,"Gonzalez, Daniel",27,Nunoa Master,2,"1:16,00","1:06,26",66260,valid,"2 Gonzalez, Daniel 27 Nunoa Master 1:16,00 1:06,26"
13,12,10,men 25-29 100 LC Meter freestyle,"Caro, Cristobal",26,Pedro Aguirre Cerda,3,"1:05,30","1:07,14",67140,valid,"3 Caro, Cristobal 26 Pedro Aguirre Cerda 1:05,30 1:07,14"
13,13,10,men 25-29 100 LC Meter freestyle,"Fernandez Morales, Nelson",26,Club Deportivo UC,4,"1:13,00","1:12,34",72340,valid,"4 Fernandez Morales, Nelson 26 Club Deportivo UC 1:13,00 1:12,34"
13,14,10,men 25-29 100 LC Meter freestyle,"Meneses, Felipe",27,Pedro Aguirre Cerda,5,"1:11,30","1:13,86",73860,valid,"5 Meneses, Felipe 27 Pedro Aguirre Cerda 1:11,30 1:13,86"
13,15,10,men 25-29 100 LC Meter freestyle,"Bolanños, Kleiber",29,Pedro Aguirre Cerda,6,"1:16,40","1:14,91",74910,valid,"6 Bolanños, Kleiber 29 Pedro Aguirre Cerda 1:16,40 1:14,91"
13,16,10,men 25-29 100 LC Meter freestyle,"Rodriguez, Santi",27,Azul Natacion Mendoza,7,"1:20,10","1:14,92",74920,valid,"7 Rodriguez, Santi 27 Azul Natacion Mendoza 1:20,10 1:14,92"
13,17,10,men 25-29 100 LC Meter freestyle,"Aguilera, Gonzalo",27,Penñalolen Master,8,"1:25,00","1:18,07",78070,valid,"8 Aguilera, Gonzalo 27 Penñalolen Master 1:25,00 1:18,07"
13,18,10,men 25-29 100 LC Meter freestyle,"Saavedra, Lucas",25,Penñalolen Master,9,"4:00,00","1:18,88",78880,valid,"9 Saavedra, Lucas 25 Penñalolen Master 4:00,00 1:18,88"
13,19,10,men 25-29 100 LC Meter freestyle,"Avila, Franco",26,Penñalolen Master,10,"1:30,00","1:21,47",81470,valid,"10 Avila, Franco 26 Penñalolen Master 1:30,00 1:21,47"
13,20,10,men 25-29 100 LC Meter freestyle,"Monsalve, Nicolas",27,Natacion Master Recoleta,11,"1:24,34","1:24,39",84390,valid,"11 Monsalve, Nicolas 27 Natacion Master Recoleta 1:24,34 1:24,39"
13,21,10,men 25-29 100 LC Meter freestyle,"Yanñez, Sebastian",27,Natacion Master Recoleta,12,"1:24,34","1:26,46",86460,valid,"12 Yanñez, Sebastian 27 Natacion Master Recoleta 1:24,34 1:26,46"
13,22,10,men 25-29 100 LC Meter freestyle,"Perez, Maximiliano",28,Agua Plena San Rafael,13,"1:18,00","1:26,64",86640,valid,"13 Perez, Maximiliano 28 Agua Plena San Rafael 1:18,00 1:26,64"
13,23,10,men 25-29 100 LC Meter freestyle,"Walder, Raul",26,100 por Ciento Swim,14,NT,"1:30,53",90530,valid,"14 Walder, Raul 26 100 por Ciento Swim NT 1:30,53"
13,24,10,men 25-29 100 LC Meter freestyle,"Valenzuela, Osvaldo",26,Natacion Master Recoleta,15,"1:38,94","1:32,73",92730,valid,"15 Valenzuela, Osvaldo 26 Natacion Master Recoleta 1:38,94 1:32,73"
13,26,10,men 30-34 100 LC Meter freestyle,"Lagos, Rodrigo",30,Natacion Master Recoleta,1,"1:00,88","1:00,88",60880,valid,"1 Lagos, Rodrigo 30 Natacion Master Recoleta 1:00,88 1:00,88"
13,27,10,men 30-34 100 LC Meter freestyle,"Nava, Juan",30,Nunoa Master,2,"1:02,57","1:05,31",65310,valid,"2 Nava, Juan 30 Nunoa Master 1:02,57 1:05,31"
13,28,10,men 30-34 100 LC Meter freestyle,"Parra, Nicolas",30,Pedro Aguirre Cerda,3,"1:06,80","1:05,66",65660,valid,"3 Parra, Nicolas 30 Pedro Aguirre Cerda 1:06,80 1:05,66"
13,29,10,men 30-34 100 LC Meter freestyle,"Lucero, Mauricio",32,Ciudad de Mendoza,4,"1:01,60","1:07,31",67310,valid,"4 Lucero, Mauricio 32 Ciudad de Mendoza 1:01,60 1:07,31"
13,30,10,men 30-34 100 LC Meter freestyle,"Becerra, Martin",30,Pedro Aguirre Cerda,5,"1:09,30","1:10,38",70380,valid,"5 Becerra, Martin 30 Pedro Aguirre Cerda 1:09,30 1:10,38"
13,31,10,men 30-34 100 LC Meter freestyle,"Cantoro, Sergio",33,Aquaclub Maipu,6,"1:10,75","1:12,87",72870,valid,"6 Cantoro, Sergio 33 Aquaclub Maipu 1:10,75 1:12,87"
13,32,10,men 30-34 100 LC Meter freestyle,"Sayago, Alexis",33,Nunoa Master,7,"1:08,07","1:13,24",73240,valid,"7 Sayago, Alexis 33 Nunoa Master 1:08,07 1:13,24"
13,33,10,men 30-34 100 LC Meter freestyle,"Carrasco, Moises",31,Nunoa Master,8,"1:30,00","1:13,54",73540,valid,"8 Carrasco, Moises 31 Nunoa Master 1:30,00 1:13,54"
13,34,10,men 30-34 100 LC Meter freestyle,"Ventura, Maxi",32,Azul Natacion Mendoza,9,"1:12,00","1:16,78",76780,valid,"9 Ventura, Maxi 32 Azul Natacion Mendoza 1:12,00 1:16,78"
13,35,10,men 30-34 100 LC Meter freestyle,"Pacheco Juri, Jose Tomas",30,Club Deportivo UC,10,"1:10,00","1:17,29",77290,valid,"10 Pacheco Juri, Jose Tomas 30 Club Deportivo UC 1:10,00 1:17,29"
13,36,10,men 30-34 100 LC Meter freestyle,"Magnenat, Javier",34,Agua Plena San Rafael,11,"1:21,00","1:19,01",79010,valid,"11 Magnenat, Javier 34 Agua Plena San Rafael 1:21,00 1:19,01"
13,37,10,men 30-34 100 LC Meter freestyle,"Ruiz, Javier",30,Agua Plena San Rafael,12,"1:30,00","1:26,15",86150,valid,"12 Ruiz, Javier 30 Agua Plena San Rafael 1:30,00 1:26,15"
13,38,10,men 30-34 100 LC Meter freestyle,"Orrego, Ariel",31,Calambre Swim Team,13,"1:35,00","1:30,11",90110,valid,"13 Orrego, Ariel 31 Calambre Swim Team 1:35,00 1:30,11"
13,39,10,men 30-34 100 LC Meter freestyle,"Barrera, Barrera",32,Azul Natacion Mendoza,14,"1:30,00","1:37,48",97480,valid,"14 Barrera, Barrera 32 Azul Natacion Mendoza 1:30,00 1:37,48"
13,40,10,men 30-34 100 LC Meter freestyle,"Maldonado, Nicolas",31,Agua Plena San Rafael,15,"1:30,00","1:44,91",104910,valid,"15 Maldonado, Nicolas 31 Agua Plena San Rafael 1:30,00 1:44,91"
13,42,10,men 35-39 100 LC Meter freestyle,"Rincon, Luis",35,Orinoco Swim,1,"57,30","59,18",59180,valid,"1 Rincon, Luis 35 Orinoco Swim 57,30 59,18"
13,43,10,men 35-39 100 LC Meter freestyle,"Carrera, Angel",35,Nunoa Master,2,"1:05,00","1:03,12",63120,valid,"2 Carrera, Angel 35 Nunoa Master 1:05,00 1:03,12"
13,44,10,men 35-39 100 LC Meter freestyle,"Him, Carlos",36,Orinoco Swim,3,"1:00,00","1:03,59",63590,valid,"3 Him, Carlos 36 Orinoco Swim 1:00,00 1:03,59"
13,45,10,men 35-39 100 LC Meter freestyle,"Celaya, Ariel",36,Aquaclub Maipu,4,"1:05,00","1:06,17",66170,valid,"4 Celaya, Ariel 36 Aquaclub Maipu 1:05,00 1:06,17"
13,46,10,men 35-39 100 LC Meter freestyle,"Nava, Jose",35,Nunoa Master,5,"1:05,85","1:07,62",67620,valid,"5 Nava, Jose 35 Nunoa Master 1:05,85 1:07,62"
13,47,10,men 35-39 100 LC Meter freestyle,"Rivera, Luis",37,Natacion Master Recoleta,6,"1:24,34","1:15,05",75050,valid,"6 Rivera, Luis 37 Natacion Master Recoleta 1:24,34 1:15,05"
13,48,10,men 35-39 100 LC Meter freestyle,"Aguilera, Juan Carlos",37,Master Providencia,7,"1:30,00","1:24,89",84890,valid,"7 Aguilera, Juan Carlos 37 Master Providencia 1:30,00 1:24,89"
13,49,10,men 35-39 100 LC Meter freestyle,"Sanchez, Marco",37,Master Providencia,8,"1:45,00","1:26,04",86040,valid,"8 Sanchez, Marco 37 Master Providencia 1:45,00 1:26,04"
13,50,10,men 35-39 100 LC Meter freestyle,"Barreto, Yuhneyber",39,Pedro Aguirre Cerda,9,"1:23,70","1:26,99",86990,valid,"9 Barreto, Yuhneyber 39 Pedro Aguirre Cerda 1:23,70 1:26,99"
13,51,10,men 35-39 100 LC Meter freestyle,"Le Cerf, Patricio",36,Orinoco Swim,10,"1:28,06","1:28,11",88110,valid,"10 Le Cerf, Patricio 36 Orinoco Swim 1:28,06 1:28,11"
13,52,10,men 35-39 100 LC Meter freestyle,"Gonzalez, Matias",35,Aquaclub Maipu,11,"1:12,14","1:31,76",91760,valid,"11 Gonzalez, Matias 35 Aquaclub Maipu 1:12,14 1:31,76"
13,53,10,men 35-39 100 LC Meter freestyle,"Curihuinca, Camilo",35,Natacion Master Recoleta,12,"1:40,00","1:37,27",97270,valid,"12 Curihuinca, Camilo 35 Natacion Master Recoleta 1:40,00 1:37,27"
14,5,10,men 40-44 100 LC Meter freestyle,"Olivares, Pedro",43,Golden,1,"2:30,00","1:03,42",63420,valid,"1 Olivares, Pedro 43 Golden 2:30,00 1:03,42"
14,6,10,men 40-44 100 LC Meter freestyle,"Garzon, Jean",41,Master Providencia,2,"1:03,50","1:05,36",65360,valid,"2 Garzon, Jean 41 Master Providencia 1:03,50 1:05,36"
14,7,10,men 40-44 100 LC Meter freestyle,"Vergara, Bruno",43,Nunoa Master,3,"1:08,11","1:10,81",70810,valid,"3 Vergara, Bruno 43 Nunoa Master 1:08,11 1:10,81"
14,8,10,men 40-44 100 LC Meter freestyle,"Gonzalez, German",42,Master Providencia,4,"1:05,50","1:12,68",72680,valid,"4 Gonzalez, German 42 Master Providencia 1:05,50 1:12,68"
14,9,10,men 40-44 100 LC Meter freestyle,"Arce, Javier",40,Calambre Swim Team,5,"1:15,00","1:16,10",76100,valid,"5 Arce, Javier 40 Calambre Swim Team 1:15,00 1:16,10"
14,10,10,men 40-44 100 LC Meter freestyle,"Romero, Christian",42,Nunoa Master,6,"1:25,46","1:21,52",81520,valid,"6 Romero, Christian 42 Nunoa Master 1:25,46 1:21,52"
14,11,10,men 40-44 100 LC Meter freestyle,"Serrano, Hector",44,100 por Ciento Swim,7,"1:30,00","1:24,25",84250,valid,"7 Serrano, Hector 44 100 por Ciento Swim 1:30,00 1:24,25"
14,12,10,men 40-44 100 LC Meter freestyle,"Diaz, Andres",42,Master Providencia,8,"1:55,00","1:54,29",114290,valid,"8 Diaz, Andres 42 Master Providencia 1:55,00 1:54,29"
14,14,10,men 45-49 100 LC Meter freestyle,"Garcia, Alexis",48,Penñalolen Master,1,"1:08,00","1:06,41",66410,valid,"1 Garcia, Alexis 48 Penñalolen Master 1:08,00 1:06,41"
14,15,10,men 45-49 100 LC Meter freestyle,"Winter, Juan Enrique",46,Club Deportivo UC,2,"1:15,00","1:16,70",76700,valid,"2 Winter, Juan Enrique 46 Club Deportivo UC 1:15,00 1:16,70"
14,16,10,men 45-49 100 LC Meter freestyle,"Cabello, Daniel",45,Natacion Master Recoleta,3,"1:24,34","1:19,98",79980,valid,"3 Cabello, Daniel 45 Natacion Master Recoleta 1:24,34 1:19,98"
14,17,10,men 45-49 100 LC Meter freestyle,"Camargo, Pablo Sergio",46,Aquaclub Maipu,4,"1:18,81","1:20,56",80560,valid,"4 Camargo, Pablo Sergio 46 Aquaclub Maipu 1:18,81 1:20,56"
14,18,10,men 45-49 100 LC Meter freestyle,"Hidalgo, Victor Andreés",49,Penñalolen Master,5,"1:31,00","1:23,48",83480,valid,"5 Hidalgo, Victor Andreés 49 Penñalolen Master 1:31,00 1:23,48"
14,19,10,men 45-49 100 LC Meter freestyle,"Parada, Oscar",48,Nunoa Master,6,"1:23,29","1:25,87",85870,valid,"6 Parada, Oscar 48 Nunoa Master 1:23,29 1:25,87"
14,20,10,men 45-49 100 LC Meter freestyle,"Paredes, David",46,Penñalolen Master,7,"1:20,00","1:26,50",86500,valid,"7 Paredes, David 46 Penñalolen Master 1:20,00 1:26,50"
14,21,10,men 45-49 100 LC Meter freestyle,"Rojas, Freddy",47,100 por Ciento Swim,8,NT,"1:31,41",91410,valid,"8 Rojas, Freddy 47 100 por Ciento Swim NT 1:31,41"
14,22,10,men 45-49 100 LC Meter freestyle,"Maureira, Luis",47,Pedro Aguirre Cerda,9,"1:30,90","1:33,45",93450,valid,"9 Maureira, Luis 47 Pedro Aguirre Cerda 1:30,90 1:33,45"
14,23,10,men 45-49 100 LC Meter freestyle,"Soria, Gabriel",47,Master Providencia,10,"1:55,00","2:01,42",121420,valid,"10 Soria, Gabriel 47 Master Providencia 1:55,00 2:01,42"
14,25,10,men 50-54 100 LC Meter freestyle,"Gutierrez Oliveros, Luis",52,Club Deportivo UC,1,"1:06,25","1:09,03",69030,valid,"1 Gutierrez Oliveros, Luis 52 Club Deportivo UC 1:06,25 1:09,03"
14,26,10,men 50-54 100 LC Meter freestyle,"Catalan, Marcelo",52,Master Providencia,2,"1:11,00","1:13,42",73420,valid,"2 Catalan, Marcelo 52 Master Providencia 1:11,00 1:13,42"
14,27,10,men 50-54 100 LC Meter freestyle,"Sevil, Angel",54,Penñalolen Master,3,"1:15,00","1:13,67",73670,valid,"3 Sevil, Angel 54 Penñalolen Master 1:15,00 1:13,67"
14,28,10,men 50-54 100 LC Meter freestyle,"Matulic L, Wladimir",53,Club Deportivo UC,4,"1:18,92","1:17,21",77210,valid,"4 Matulic L, Wladimir 53 Club Deportivo UC 1:18,92 1:17,21"
14,29,10,men 50-54 100 LC Meter freestyle,"Romo, Fabri",52,Azul Natacion Mendoza,5,"1:35,87","1:34,61",94610,valid,"5 Romo, Fabri 52 Azul Natacion Mendoza 1:35,87 1:34,61"
14,30,10,men 50-54 100 LC Meter freestyle,"Siqueira, Pablo",53,Penñalolen Master,6,"1:50,00","1:36,08",96080,valid,"6 Siqueira, Pablo 53 Penñalolen Master 1:50,00 1:36,08"
14,32,10,men 55-59 100 LC Meter freestyle,"Gallardo, Enrique",58,Golden,1,"1:06,00","1:06,22",66220,valid,"1 Gallardo, Enrique 58 Golden 1:06,00 1:06,22"
14,33,10,men 55-59 100 LC Meter freestyle,"Briones, Eduardo",57,Master Providencia,2,"1:05,00","1:07,02",67020,valid,"2 Briones, Eduardo 57 Master Providencia 1:05,00 1:07,02"
14,34,10,men 55-59 100 LC Meter freestyle,"Smith, Carlos",58,Master Providencia,3,"1:25,00","1:19,51",79510,valid,"3 Smith, Carlos 58 Master Providencia 1:25,00 1:19,51"
14,35,10,men 55-59 100 LC Meter freestyle,"Panetti, Mario",59,Golden,4,"1:24,00","1:22,92",82920,valid,"4 Panetti, Mario 59 Golden 1:24,00 1:22,92"
14,36,10,men 55-59 100 LC Meter freestyle,"Pacheco C, Mario Alejandro",59,Club Deportivo UC,5,"1:30,00","1:25,11",85110,valid,"5 Pacheco C, Mario Alejandro 59 Club Deportivo UC 1:30,00 1:25,11"
14,37,10,men 55-59 100 LC Meter freestyle,"Biason, Marcelo",56,Golden,6,"1:30,00","1:25,68",85680,valid,"6 Biason, Marcelo 56 Golden 1:30,00 1:25,68"
14,38,10,men 55-59 100 LC Meter freestyle,"Ubilla, Juan Carlos",56,Penñalolen Master,7,"1:20,00","1:28,52",88520,valid,"7 Ubilla, Juan Carlos 56 Penñalolen Master 1:20,00 1:28,52"
14,39,10,men 55-59 100 LC Meter freestyle,"Figueroa, Miguel",59,Azul Natacion Mendoza,8,"1:34,55","1:41,15",101150,valid,"8 Figueroa, Miguel 59 Azul Natacion Mendoza 1:34,55 1:41,15"
14,40,10,men 55-59 100 LC Meter freestyle,"Montes, Eduardo",56,Master Providencia,9,"1:35,00","1:43,56",103560,valid,"9 Montes, Eduardo 56 Master Providencia 1:35,00 1:43,56"
14,42,10,men 60-64 100 LC Meter freestyle,"Fuenzalida, Roberto",64,Penñalolen Master,1,"1:16,00","1:23,69",83690,valid,"1 Fuenzalida, Roberto 64 Penñalolen Master 1:16,00 1:23,69"
14,43,10,men 60-64 100 LC Meter freestyle,"Aguirre, Jose Ignacio",64,Penñalolen Master,2,"1:30,00","1:27,27",87270,valid,"2 Aguirre, Jose Ignacio 64 Penñalolen Master 1:30,00 1:27,27"
14,45,10,men 65-69 100 LC Meter freestyle,"Lucero, Carlos A",66,Area Club San Luis,1,"1:24,03","1:26,85",86850,valid,"1 Lucero, Carlos A 66 Area Club San Luis 1:24,03 1:26,85"
14,46,10,men 65-69 100 LC Meter freestyle,"Toledo, Fredi",67,Natacion Master Recoleta,2,"1:32,69","1:39,33",99330,valid,"2 Toledo, Fredi 67 Natacion Master Recoleta 1:32,69 1:39,33"
14,47,10,men 65-69 100 LC Meter freestyle,"Rasse, Patricio",67,Master Providencia,3,"1:50,00","1:50,08",110080,valid,"3 Rasse, Patricio 67 Master Providencia 1:50,00 1:50,08"
14,48,10,men 65-69 100 LC Meter freestyle,"Vega, Patricio",69,Natacion Master Buin,4,"2:10,00","2:04,27",124270,valid,"4 Vega, Patricio 69 Natacion Master Buin 2:10,00 2:04,27"
14,49,10,men 65-69 100 LC Meter freestyle,"Moreno, Luis",68,Nunoa Master,5,"2:31,50","2:19,02",139020,valid,"5 Moreno, Luis 68 Nunoa Master 2:31,50 2:19,02"
14,51,10,men 70-74 100 LC Meter freestyle,"Donoso, Juan",71,Master San Bernardo,1,"1:25,00","1:26,01",86010,valid,"1 Donoso, Juan 71 Master San Bernardo 1:25,00 1:26,01"
14,52,10,men 70-74 100 LC Meter freestyle,"Guerrero, Roberto",70,Master San Bernardo,2,"1:52,00","2:07,90",127900,valid,"2 Guerrero, Roberto 70 Master San Bernardo 1:52,00 2:07,90"
15,5,10,men 70-74 100 LC Meter freestyle,"Alvarez, Ricardo",73,Nunoa Master,3,"2:09,29","2:10,55",130550,valid,"3 Alvarez, Ricardo 73 Nunoa Master 2:09,29 2:10,55"
15,7,10,men 75-79 100 LC Meter freestyle,"Guerra B, Manfredo",75,Calambre Swim Team,1,"1:23,00","1:23,45",83450,valid,"1 Guerra B, Manfredo 75 Calambre Swim Team 1:23,00 1:23,45"
15,8,10,men 75-79 100 LC Meter freestyle,"Guadalupe, Jaime",77,Master Providencia,2,"2:00,00","1:56,00",116000,valid,"2 Guadalupe, Jaime 77 Master Providencia 2:00,00 1:56,00"
15,9,10,men 75-79 100 LC Meter freestyle,"Huerta, Oscar",75,Penñalolen Master,3,"3:00,00","2:30,16",150160,valid,"3 Huerta, Oscar 75 Penñalolen Master 3:00,00 2:30,16"
15,11,10,men 80-84 100 LC Meter freestyle,"Ferrando, Nestor",84,Nunoa Master,1,"3:16,40","3:17,37",197370,valid,"1 Ferrando, Nestor 84 Nunoa Master 3:16,40 3:17,37"
