event_name,athlete_name,club_name,rank_position,result_time_text,result_time_ms,status,source_id
women 20-24 200 LC Meter individual_medley,"Avila, Sofia",Orinoco Swim,1,"3:49,52",229520,valid,1
women 25-29 200 LC Meter individual_medley,"Mellado, Ana Laura",Aquaclub Maipu,1,"3:12,93",192930,valid,1
women 25-29 200 LC Meter individual_medley,"Ubilla, Catalina",Penñalolen Master,2,"3:16,40",196400,valid,1
women 25-29 200 LC Meter individual_medley,"Nunñez, Manuela",Master Providencia,3,"3:23,89",203890,valid,1
women 25-29 200 LC Meter individual_medley,"Rivera, Sofia",Calambre Swim Team,4,"3:31,88",211880,valid,1
women 25-29 200 LC Meter individual_medley,"Araya, Sofia",100 por Ciento Swim,5,"3:37,32",217320,valid,1
women 25-29 200 LC Meter individual_medley,"Carter, Daniela",Penñalolen Master,6,"4:27,27",267270,valid,1
women 30-34 200 LC Meter individual_medley,"Ramirez, Carolina Isabel",Club Deportivo UC,1,"3:45,92",225920,valid,1
women 30-34 200 LC Meter individual_medley,"Lopez, Diane",Pedro Aguirre Cerda,2,"3:48,56",228560,valid,1
women 30-34 200 LC Meter individual_medley,"Herrera Rojas, Gema",Penñalolen Master,3,"4:07,23",247230,valid,1
women 35-39 200 LC Meter individual_medley,"Vacher, Francisca",Golden,1,"3:09,93",189930,valid,1
women 40-44 200 LC Meter individual_medley,"Velasquez, Lenismar",Natacion Master Recoleta,1,"3:59,07",239070,valid,1
women 45-49 200 LC Meter individual_medley,"Guadalupe, Paula",Master Providencia,1,"3:11,11",191110,valid,1
women 45-49 200 LC Meter individual_medley,"Arriola, Silvia",Aquaclub Maipu,2,"3:16,65",196650,valid,1
women 45-49 200 LC Meter individual_medley,"Aguilar, Glaisa",Nunoa Master,3,"3:54,02",234020,valid,1
women 50-54 200 LC Meter individual_medley,"Tapia, Julieta",Master Providencia,1,"4:16,90",256900,valid,1
women 50-54 200 LC Meter individual_medley,"Sepulveda, Francesca",Calambre Swim Team,2,"4:44,38",284380,valid,1
women 55-59 200 LC Meter individual_medley,"Perez, Paulina",Natacion Master Recoleta,1,"4:43,17",283170,valid,1
women 60-64 200 LC Meter individual_medley,"Case, Cynthia",Master Providencia,1,"3:36,86",216860,valid,1
women 60-64 200 LC Meter individual_medley,"Loayza, Alejandra",Master Providencia,2,"3:52,68",232680,valid,1
women 60-64 200 LC Meter individual_medley,"Torres, Sandra",Penñalolen Master,3,"4:50,35",290350,valid,1
women 60-64 200 LC Meter individual_medley,"Valdivia, Adriana",Penñalolen Master,4,"6:00,76",360760,valid,1
women 65-69 200 LC Meter individual_medley,"Fuentes, Paulina",Club Koyaique,1,"3:51,56",231560,valid,1
women 65-69 200 LC Meter individual_medley,"Concha, Elizabeth",Nunoa Master,2,"5:47,02",347020,valid,1
men 20-24 200 LC Meter individual_medley,"Gonzalez, Joaquin",Natacion Master Recoleta,1,"3:26,11",206110,valid,1
men 20-24 200 LC Meter individual_medley,"Moron, Martin",Azul Natacion Mendoza,2,"3:48,79",228790,valid,1
men 25-29 200 LC Meter individual_medley,"Silva, Benjamin",Natacion Master Recoleta,1,"2:58,75",178750,valid,1
men 25-29 200 LC Meter individual_medley,"Moreno, Julian",Aquaclub Maipu,2,"3:00,45",180450,valid,1
men 25-29 200 LC Meter individual_medley,"Gonzalez, Daniel",Nunoa Master,3,"3:14,02",194020,valid,1
men 25-29 200 LC Meter individual_medley,"Meneses, Felipe",Pedro Aguirre Cerda,4,"3:21,99",201990,valid,1
men 25-29 200 LC Meter individual_medley,"Walder, Raul",100 por Ciento Swim,5,"4:11,52",251520,valid,1
men 30-34 200 LC Meter individual_medley,"Castellano, Ricardo",Nunoa Master,1,"2:48,30",168300,valid,1
men 30-34 200 LC Meter individual_medley,"Sayago, Alexis",Nunoa Master,2,"3:20,24",200240,valid,1
men 30-34 200 LC Meter individual_medley,"Miranda, Milanch",Calambre Swim Team,3,"3:50,37",230370,valid,1
men 35-39 200 LC Meter individual_medley,"Guajardo, Juan Pablo",Penñalolen Master,1,"3:29,11",209110,valid,1
men 35-39 200 LC Meter individual_medley,"Aguilera, Juan Carlos",Master Providencia,2,"3:51,81",231810,valid,1
men 35-39 200 LC Meter individual_medley,"Curihuinca, Camilo",Natacion Master Recoleta,3,"4:35,60",275600,valid,1
men 40-44 200 LC Meter individual_medley,"Olivares, Pedro",Golden,1,"2:49,32",169320,valid,1
men 40-44 200 LC Meter individual_medley,"Gomez, Carlos",Nunoa Master,2,"2:56,17",176170,valid,1
men 40-44 200 LC Meter individual_medley,"Bricenño, Carlos",100 por Ciento Swim,3,"2:57,98",177980,valid,1
men 40-44 200 LC Meter individual_medley,"Peralta, Leonardo",Aquaclub Maipu,4,"2:59,32",179320,valid,1
men 40-44 200 LC Meter individual_medley,"Torres, Renzo",Natacion Master Recoleta,5,"3:17,78",197780,valid,1
men 40-44 200 LC Meter individual_medley,"Garzon, Jean",Master Providencia,6,"3:18,52",198520,valid,1
men 45-49 200 LC Meter individual_medley,"Garcia, Alexis",Penñalolen Master,1,"3:03,73",183730,valid,1
men 45-49 200 LC Meter individual_medley,"Cerrada, Yorggyn",Natacion Master Recoleta,2,"3:29,27",209270,valid,1
men 45-49 200 LC Meter individual_medley,"Parada, Oscar",Nunoa Master,3,"4:04,89",244890,valid,1
men 50-54 200 LC Meter individual_medley,"Gutierrez Oliveros, Luis",Club Deportivo UC,1,"3:10,33",190330,valid,1
men 50-54 200 LC Meter individual_medley,"Matulic L, Wladimir",Club Deportivo UC,2,"3:20,98",200980,valid,1
men 50-54 200 LC Meter individual_medley,"Sevil, Angel",Penñalolen Master,3,"3:30,56",210560,valid,1
men 50-54 200 LC Meter individual_medley,"Medina, Carlos",Master Providencia,4,"6:26,19",386190,valid,1
men 55-59 200 LC Meter individual_medley,"Briones, Eduardo",Master Providencia,1,"2:55,10",175100,valid,1
men 55-59 200 LC Meter individual_medley,"Montes, Eduardo",Master Providencia,2,"4:15,75",255750,valid,1
men 55-59 200 LC Meter individual_medley,"Velazquez, Orlando",Aquaclub Maipu,3,"6:09,57",369570,valid,1
men 60-64 200 LC Meter individual_medley,"Jimenez, Andres",Natacion Master Buin,1,"3:51,73",231730,valid,1
men 60-64 200 LC Meter individual_medley,"Aguirre, Jose Ignacio",Penñalolen Master,2,"4:19,69",259690,valid,1
men 60-64 200 LC Meter individual_medley,"Vargas, Jose Luis",Golden,3,"5:06,19",306190,valid,1
women 19 & Under 50 LC Meter butterfly,"Chertcoff, Victoria",Agua Plena San Rafael,1,"41,38",41380,valid,1
women 20-24 50 LC Meter butterfly,"Guinñazu, Selene",Aquaclub Maipu,1,"45,64",45640,valid,1
women 20-24 50 LC Meter butterfly,"Avila, Sofia",Orinoco Swim,2,"48,86",48860,valid,1
women 25-29 50 LC Meter butterfly,"Dave, Gisela",Aquaclub Maipu,1,"35,93",35930,valid,1
women 25-29 50 LC Meter butterfly,"Mellado, Ana Laura",Aquaclub Maipu,2,"36,07",36070,valid,1
women 25-29 50 LC Meter butterfly,"Ubilla, Catalina",Penñalolen Master,3,"38,68",38680,valid,1
women 25-29 50 LC Meter butterfly,"Araya, Sofia",100 por Ciento Swim,4,"44,04",44040,valid,1
women 25-29 50 LC Meter butterfly,"Tapia, Maria Jesus",Natacion Master Recoleta,5,"53,97",53970,valid,1
women 25-29 50 LC Meter butterfly,"Farias, Thiare",Pedro Aguirre Cerda,6,"54,18",54180,valid,1
women 25-29 50 LC Meter butterfly,"Carter, Daniela",Penñalolen Master,7,"54,40",54400,valid,1
women 30-34 50 LC Meter butterfly,"Lopez, Diane",Pedro Aguirre Cerda,1,"42,23",42230,valid,1
women 30-34 50 LC Meter butterfly,"Ramirez, Carolina Isabel",Club Deportivo UC,2,"47,83",47830,valid,1
women 30-34 50 LC Meter butterfly,"Sanchez, Johana",Aquaclub Maipu,3,"51,08",51080,valid,1
women 30-34 50 LC Meter butterfly,"Herrera Rojas, Gema",Penñalolen Master,4,"51,52",51520,valid,1
women 30-34 50 LC Meter butterfly,"Largi, Stephanie",Orinoco Swim,5,"55,81",55810,valid,1
women 35-39 50 LC Meter butterfly,"Vacher, Francisca",Golden,1,"37,33",37330,valid,1
women 35-39 50 LC Meter butterfly,"Godoy, Ana",Nunoa Master,2,"39,85",39850,valid,1
women 35-39 50 LC Meter butterfly,"Nahuelpan, Nicole",100 por Ciento Swim,3,"1:05,98",65980,valid,1
women 40-44 50 LC Meter butterfly,"Penña, Daniela",Orinoco Swim,1,"40,06",40060,valid,1
women 40-44 50 LC Meter butterfly,"Rodriguez, Diana",Nunoa Master,2,"43,08",43080,valid,1
women 40-44 50 LC Meter butterfly,"Mangiameli, Georgina",Nunoa Master,3,"45,41",45410,valid,1
women 45-49 50 LC Meter butterfly,"Arriola, Silvia",Aquaclub Maipu,1,"36,74",36740,valid,1
women 45-49 50 LC Meter butterfly,"Pino, Carla",Nielol,2,"45,51",45510,valid,1
women 45-49 50 LC Meter butterfly,"Defosse, Carla",Master Providencia,3,"46,14",46140,valid,1
women 45-49 50 LC Meter butterfly,"Vasquez, Carola",Natacion Master Recoleta,4,"51,33",51330,valid,1
women 45-49 50 LC Meter butterfly,"Cooper, Karen",Master Providencia,5,"51,55",51550,valid,1
women 45-49 50 LC Meter butterfly,"Rodriguez, Erika",Penñalolen Master,6,"1:06,57",66570,valid,1
women 45-49 50 LC Meter butterfly,"Gauna, Noe",Azul Natacion Mendoza,,DQ,,dsq,1
women 50-54 50 LC Meter butterfly,"Tapia, Julieta",Master Providencia,1,"50,87",50870,valid,1
women 50-54 50 LC Meter butterfly,"Vera, Claudia",Natacion Master Recoleta,2,"1:01,84",61840,valid,1
women 50-54 50 LC Meter butterfly,"Sepulveda, Francesca",Calambre Swim Team,3,"1:03,32",63320,valid,1
women 50-54 50 LC Meter butterfly,"Cabeza, Marisel",Nunoa Master,4,"1:03,55",63550,valid,1
women 50-54 50 LC Meter butterfly,"Gonzalez, Elena",Nunoa Master,5,"1:05,81",65810,valid,1
women 55-59 50 LC Meter butterfly,"Perez, Paulina",Natacion Master Recoleta,1,"58,90",58900,valid,1
women 55-59 50 LC Meter butterfly,"Crocco, Gianina",Natacion Master Buin,2,"1:04,61",64610,valid,1
women 60-64 50 LC Meter butterfly,"Case, Cynthia",Master Providencia,1,"42,49",42490,valid,1
women 60-64 50 LC Meter butterfly,"Torres, Sandra",Penñalolen Master,2,"1:01,44",61440,valid,1
women 60-64 50 LC Meter butterfly,"Quinones, Ema",Club Deportivo UC,3,"1:02,79",62790,valid,1
women 60-64 50 LC Meter butterfly,"Reyes, Irene",Pedro Aguirre Cerda,4,"1:08,57",68570,valid,1
women 60-64 50 LC Meter butterfly,"Muüller, Bettina",Penñalolen Master,5,"1:10,18",70180,valid,1
women 60-64 50 LC Meter butterfly,"Valdivia, Adriana",Penñalolen Master,6,"1:20,42",80420,valid,1
women 60-64 50 LC Meter butterfly,"Moncada, Marisol",Natacion Master Recoleta,7,"1:54,58",114580,valid,1
women 65-69 50 LC Meter butterfly,"Pinto Galleguillos, Rosario Soledad",Penñalolen Master,1,"58,40",58400,valid,1
women 65-69 50 LC Meter butterfly,"Concha, Elizabeth",Nunoa Master,2,"1:18,29",78290,valid,1
men 19 & Under 50 LC Meter butterfly,"Rodriguez, Joaquin",Agua Plena San Rafael,1,"39,61",39610,valid,1
men 20-24 50 LC Meter butterfly,"Flores, Jose Luis",Pedro Aguirre Cerda,1,"34,64",34640,valid,1
men 20-24 50 LC Meter butterfly,"Gonzalez, Joaquin",Natacion Master Recoleta,2,"34,98",34980,valid,1
men 20-24 50 LC Meter butterfly,"Rivas, Leo",Azul Natacion Mendoza,3,"36,70",36700,valid,1
men 20-24 50 LC Meter butterfly,"Caro, Martin",Pedro Aguirre Cerda,4,"37,41",37410,valid,1
men 20-24 50 LC Meter butterfly,"Trilla, Ignacio",Azul Natacion Mendoza,5,"45,77",45770,valid,1
men 20-24 50 LC Meter butterfly,"Torres, Tomas",Golden,6,"47,40",47400,valid,1
men 25-29 50 LC Meter butterfly,"Bulnes, Martin",Golden,1,"32,69",32690,valid,1
men 25-29 50 LC Meter butterfly,"Caro, Cristobal",Pedro Aguirre Cerda,2,"32,98",32980,valid,1
men 25-29 50 LC Meter butterfly,"Moreno, Julian",Aquaclub Maipu,3,"34,61",34610,valid,1
men 25-29 50 LC Meter butterfly,"Gonzalez, Daniel",Nunoa Master,4,"34,98",34980,valid,1
men 25-29 50 LC Meter butterfly,"Bolanños, Kleiber",Pedro Aguirre Cerda,5,"36,46",36460,valid,1
men 25-29 50 LC Meter butterfly,"Fernandez Morales, Nelson",Club Deportivo UC,6,"37,03",37030,valid,1
men 25-29 50 LC Meter butterfly,"Rodriguez, Santi",Azul Natacion Mendoza,7,"37,20",37200,valid,1
men 25-29 50 LC Meter butterfly,"Aguilera, Gonzalo",Penñalolen Master,8,"39,12",39120,valid,1
men 25-29 50 LC Meter butterfly,"Monsalve, Nicolas",Natacion Master Recoleta,9,"39,17",39170,valid,1
men 25-29 50 LC Meter butterfly,"Avila, Franco",Penñalolen Master,10,"40,16",40160,valid,1
men 25-29 50 LC Meter butterfly,"Yanñez, Sebastian",Natacion Master Recoleta,11,"41,16",41160,valid,1
men 25-29 50 LC Meter butterfly,"Walder, Raul",100 por Ciento Swim,12,"44,98",44980,valid,1
men 25-29 50 LC Meter butterfly,"Ros, Matias",Aquaclub Maipu,13,"46,01",46010,valid,1
men 25-29 50 LC Meter butterfly,"Valenzuela, Osvaldo",Natacion Master Recoleta,14,"49,61",49610,valid,1
men 25-29 50 LC Meter butterfly,"Perez, Maximiliano",Agua Plena San Rafael,,DQ,,dsq,1
men 30-34 50 LC Meter butterfly,"Lagos, Rodrigo",Natacion Master Recoleta,1,"29,01",29010,valid,1
men 30-34 50 LC Meter butterfly,"Lucero, Mauricio",Ciudad de Mendoza,2,"29,47",29470,valid,1
men 30-34 50 LC Meter butterfly,"Parra, Nicolas",Pedro Aguirre Cerda,3,"30,10",30100,valid,1
men 30-34 50 LC Meter butterfly,"Nava, Juan",Nunoa Master,4,"30,47",30470,valid,1
men 30-34 50 LC Meter butterfly,"Becerra, Martin",Pedro Aguirre Cerda,5,"33,77",33770,valid,1
men 30-34 50 LC Meter butterfly,"Carrasco, Moises",Nunoa Master,6,"36,78",36780,valid,1
men 30-34 50 LC Meter butterfly,"Sayago, Alexis",Nunoa Master,7,"37,21",37210,valid,1
men 30-34 50 LC Meter butterfly,"Pacheco Juri, Jose Tomas",Club Deportivo UC,8,"37,69",37690,valid,1
men 30-34 50 LC Meter butterfly,"Orrego, Ariel",Calambre Swim Team,9,"38,08",38080,valid,1
men 30-34 50 LC Meter butterfly,"Miranda, Milanch",Calambre Swim Team,10,"44,24",44240,valid,1
men 30-34 50 LC Meter butterfly,"Ventura, Maxi",Azul Natacion Mendoza,11,"48,63",48630,valid,1
men 30-34 50 LC Meter butterfly,"Maldonado, Nicolas",Agua Plena San Rafael,12,"55,66",55660,valid,1
men 35-39 50 LC Meter butterfly,"Rincon, Luis",Orinoco Swim,1,"27,58",27580,valid,1
men 35-39 50 LC Meter butterfly,"Carrera, Angel",Nunoa Master,2,"30,89",30890,valid,1
men 35-39 50 LC Meter butterfly,"Nava, Jose",Nunoa Master,3,"31,21",31210,valid,1
men 35-39 50 LC Meter butterfly,"Him, Carlos",Orinoco Swim,4,"32,41",32410,valid,1
men 35-39 50 LC Meter butterfly,"Celaya, Ariel",Aquaclub Maipu,5,"33,06",33060,valid,1
men 35-39 50 LC Meter butterfly,"Rivera, Luis",Natacion Master Recoleta,6,"35,03",35030,valid,1
men 35-39 50 LC Meter butterfly,"Le Cerf, Patricio",Orinoco Swim,7,"41,25",41250,valid,1
men 35-39 50 LC Meter butterfly,"Guajardo, Juan Pablo",Penñalolen Master,8,"42,21",42210,valid,1
men 35-39 50 LC Meter butterfly,"Sanchez, Marco",Master Providencia,9,"43,75",43750,valid,1
men 35-39 50 LC Meter butterfly,"Barreto, Yuhneyber",Pedro Aguirre Cerda,10,"44,44",44440,valid,1
men 35-39 50 LC Meter butterfly,"Gonzalez, Matias",Aquaclub Maipu,11,"47,01",47010,valid,1
men 35-39 50 LC Meter butterfly,"Curihuinca, Camilo",Natacion Master Recoleta,12,"49,23",49230,valid,1
men 40-44 50 LC Meter butterfly,"Bricenño, Carlos",100 por Ciento Swim,1,"31,43",31430,valid,1
men 40-44 50 LC Meter butterfly,"Olivares, Pedro",Golden,2,"31,81",31810,valid,1
men 40-44 50 LC Meter butterfly,"Garzon, Jean",Master Providencia,3,"32,72",32720,valid,1
men 40-44 50 LC Meter butterfly,"Gomez, Carlos",Nunoa Master,4,"32,86",32860,valid,1
men 40-44 50 LC Meter butterfly,"Peralta, Leonardo",Aquaclub Maipu,5,"33,21",33210,valid,1
men 40-44 50 LC Meter butterfly,"Gonzalez, German",Master Providencia,6,"34,42",34420,valid,1
men 40-44 50 LC Meter butterfly,"Osses, Daniel",Nunoa Master,7,"36,37",36370,valid,1
men 40-44 50 LC Meter butterfly,"Serrano, Hector",100 por Ciento Swim,8,"41,94",41940,valid,1
men 45-49 50 LC Meter butterfly,"Garcia, Alexis",Penñalolen Master,1,"32,22",32220,valid,1
men 45-49 50 LC Meter butterfly,"Cerrada, Yorggyn",Natacion Master Recoleta,2,"36,05",36050,valid,1
men 45-49 50 LC Meter butterfly,"Winter, Juan Enrique",Club Deportivo UC,3,"39,08",39080,valid,1
men 45-49 50 LC Meter butterfly,"Camargo, Pablo Sergio",Aquaclub Maipu,4,"39,92",39920,valid,1
men 45-49 50 LC Meter butterfly,"Hidalgo, Victor Andreés",Penñalolen Master,5,"42,98",42980,valid,1
men 45-49 50 LC Meter butterfly,"Rojas, Freddy",100 por Ciento Swim,6,"46,43",46430,valid,1
men 45-49 50 LC Meter butterfly,"Maureira, Luis",Pedro Aguirre Cerda,7,"51,03",51030,valid,1
men 50-54 50 LC Meter butterfly,"Lucena, Larry",Nunoa Master,1,"33,20",33200,valid,1
men 50-54 50 LC Meter butterfly,"Gutierrez Oliveros, Luis",Club Deportivo UC,2,"34,35",34350,valid,1
men 50-54 50 LC Meter butterfly,"Catalan, Marcelo",Master Providencia,3,"36,55",36550,valid,1
men 50-54 50 LC Meter butterfly,"Matulic L, Wladimir",Club Deportivo UC,4,"36,86",36860,valid,1
men 50-54 50 LC Meter butterfly,"Siqueira, Pablo",Penñalolen Master,5,"46,89",46890,valid,1
men 50-54 50 LC Meter butterfly,"Romo, Fabri",Azul Natacion Mendoza,6,"57,07",57070,valid,1
men 50-54 50 LC Meter butterfly,"Medina, Carlos",Master Providencia,7,"1:26,34",86340,valid,1
men 55-59 50 LC Meter butterfly,"Briones, Eduardo",Master Providencia,1,"32,41",32410,valid,1
men 55-59 50 LC Meter butterfly,"Silva, Raul",Penñalolen Master,2,"39,49",39490,valid,1
men 55-59 50 LC Meter butterfly,"Biason, Marcelo",Golden,3,"40,31",40310,valid,1
men 55-59 50 LC Meter butterfly,"Ubilla, Juan Carlos",Penñalolen Master,4,"46,24",46240,valid,1
men 55-59 50 LC Meter butterfly,"Pacheco C, Mario Alejandro",Club Deportivo UC,5,"50,60",50600,valid,1
men 55-59 50 LC Meter butterfly,"Panetti, Mario",Golden,6,"51,09",51090,valid,1
men 55-59 50 LC Meter butterfly,"Gonzaélez, Rodrigo",Penñalolen Master,7,"51,92",51920,valid,1
men 55-59 50 LC Meter butterfly,"Velazquez, Orlando",Aquaclub Maipu,8,"1:25,99",85990,valid,1
men 55-59 50 LC Meter butterfly,"Figueroa, Miguel",Azul Natacion Mendoza,,DQ,,dsq,1
men 60-64 50 LC Meter butterfly,"Fuenzalida, Roberto",Penñalolen Master,1,"41,09",41090,valid,1
men 60-64 50 LC Meter butterfly,"Jimenez, Andres",Natacion Master Buin,2,"42,48",42480,valid,1
men 65-69 50 LC Meter butterfly,"Lucero, Carlos A",Area Club San Luis,1,"44,27",44270,valid,1
men 65-69 50 LC Meter butterfly,"Cabello Tilleria, Jorge",Penñalolen Master,2,"46,00",46000,valid,1
men 65-69 50 LC Meter butterfly,"Cabello, Andres T",Iron Swim Master,3,"46,92",46920,valid,1
men 65-69 50 LC Meter butterfly,"Toledo, Fredi",Natacion Master Recoleta,4,"48,89",48890,valid,1
men 70-74 50 LC Meter butterfly,"Donoso, Juan",Master San Bernardo,1,"48,69",48690,valid,1
men 70-74 50 LC Meter butterfly,"Alvarez, Ricardo",Nunoa Master,2,"1:48,96",108960,valid,1
men 75-79 50 LC Meter butterfly,"Guerra B, Manfredo",Calambre Swim Team,1,"44,26",44260,valid,1
women 25-29 100 LC Meter backstroke,"Dave, Gisela",Aquaclub Maipu,1,"1:27,94",87940,valid,1
women 25-29 100 LC Meter backstroke,"Nunñez, Manuela",Master Providencia,2,"1:29,95",89950,valid,1
women 25-29 100 LC Meter backstroke,"Jimenez, Javiera",Calambre Swim Team,3,"1:50,42",110420,valid,1
women 25-29 100 LC Meter backstroke,"Aguilera, Ayelen",Azul Natacion Mendoza,4,"2:02,98",122980,valid,1
women 30-34 100 LC Meter backstroke,"Zamora Tapia, Barbara",Master Vitacura Swim,1,"1:32,97",92970,valid,1
women 30-34 100 LC Meter backstroke,"Ramirez, Carolina Isabel",Club Deportivo UC,2,"1:45,01",105010,valid,1
women 35-39 100 LC Meter backstroke,"Godoy, Ana",Nunoa Master,1,"1:37,26",97260,valid,1
women 40-44 100 LC Meter backstroke,"Rodriguez, Diana",Nunoa Master,1,"1:26,08",86080,valid,1
women 40-44 100 LC Meter backstroke,"Penña, Daniela",Orinoco Swim,2,"1:45,48",105480,valid,1
women 40-44 100 LC Meter backstroke,"Aparicio, Adriana",Nunoa Master,3,"1:46,67",106670,valid,1
women 40-44 100 LC Meter backstroke,"Velasquez, Lenismar",Natacion Master Recoleta,4,"1:52,79",112790,valid,1
women 45-49 100 LC Meter backstroke,"Guadalupe, Paula",Master Providencia,1,"1:34,96",94960,valid,1
women 45-49 100 LC Meter backstroke,"Vasquez, Carola",Natacion Master Recoleta,2,"1:44,94",104940,valid,1
women 45-49 100 LC Meter backstroke,"Aguilar, Glaisa",Nunoa Master,3,"1:51,07",111070,valid,1
women 45-49 100 LC Meter backstroke,"Cooper, Karen",Master Providencia,4,"1:54,75",114750,valid,1
women 50-54 100 LC Meter backstroke,"Jara, Carolina",Natacion Master Buin,1,"1:51,83",111830,valid,1
women 50-54 100 LC Meter backstroke,"Vera, Claudia",Natacion Master Recoleta,2,"2:16,65",136650,valid,1
women 50-54 100 LC Meter backstroke,"Sepulveda, Francesca",Calambre Swim Team,3,"2:23,05",143050,valid,1
women 50-54 100 LC Meter backstroke,"Cabeza, Marisel",Nunoa Master,4,"2:26,30",146300,valid,1
women 50-54 100 LC Meter backstroke,"Ojeda, Veroénica",Penñalolen Master,5,"2:32,30",152300,valid,1
women 50-54 100 LC Meter backstroke,"Gonzalez, Elena",Nunoa Master,,DQ,,dsq,1
women 55-59 100 LC Meter backstroke,"Dable, Marie Claire",Master Providencia,1,"1:52,22",112220,valid,1
women 55-59 100 LC Meter backstroke,"Tapia, Marcela",Africa Natacion,,DQ,,dsq,1
women 60-64 100 LC Meter backstroke,"Loayza, Alejandra",Master Providencia,1,"1:53,54",113540,valid,1
women 60-64 100 LC Meter backstroke,"Acencio, Claudia",Master Providencia,2,"2:03,16",123160,valid,1
women 60-64 100 LC Meter backstroke,"Quinones, Ema",Club Deportivo UC,3,"2:21,41",141410,valid,1
women 60-64 100 LC Meter backstroke,"Reyes, Irene",Pedro Aguirre Cerda,4,"2:23,51",143510,valid,1
women 60-64 100 LC Meter backstroke,"Acunña, Patricia",Master Providencia,5,"2:34,36",154360,valid,1
women 60-64 100 LC Meter backstroke,"Valdivia, Adriana",Penñalolen Master,6,"2:44,80",164800,valid,1
women 60-64 100 LC Meter backstroke,"Canñete, Soledad",Natacion Master Recoleta,7,"2:48,73",168730,valid,1
women 60-64 100 LC Meter backstroke,"Moncada, Marisol",Natacion Master Recoleta,8,"3:12,75",192750,valid,1
women 65-69 100 LC Meter backstroke,"Alarcon, Silvia",Natacion Master Recoleta,,DQ,,dsq,1
women 70-74 100 LC Meter backstroke,"Munñoz, Maria",Nunoa Master,1,"2:37,58",157580,valid,1
women 70-74 100 LC Meter backstroke,"Toro, Soledad",Master Providencia,2,"3:06,87",186870,valid,1
women 70-74 100 LC Meter backstroke,"Robles, Graciela",Nunoa Master,3,"3:20,47",200470,valid,1
women 75-79 100 LC Meter backstroke,"Nunñez, Elizabeth",Master Providencia,1,"2:36,50",156500,valid,1
women 85-89 100 LC Meter backstroke,"Escudero, Oriele",Nunoa Master,1,"2:48,84",168840,valid,1
men 19 & Under 100 LC Meter backstroke,"Reis Aguayo, Nelson",Penñalolen Master,1,"1:08,66",68660,valid,1
men 20-24 100 LC Meter backstroke,"Rivas, Leo",Azul Natacion Mendoza,1,"1:24,96",84960,valid,1
men 20-24 100 LC Meter backstroke,"Zapata Esquivel, Tomas Benja",Aquaclub Maipu,2,"1:30,37",90370,valid,1
men 25-29 100 LC Meter backstroke,"Silva, Benjamin",Natacion Master Recoleta,1,"1:19,09",79090,valid,1
men 25-29 100 LC Meter backstroke,"Caro, Cristobal",Pedro Aguirre Cerda,2,"1:20,55",80550,valid,1
men 25-29 100 LC Meter backstroke,"Saavedra, Lucas",Penñalolen Master,3,"1:33,85",93850,valid,1
men 25-29 100 LC Meter backstroke,"Avila, Franco",Penñalolen Master,4,"1:34,03",94030,valid,1
men 25-29 100 LC Meter backstroke,"Ros, Matias",Aquaclub Maipu,5,"1:55,19",115190,valid,1
men 30-34 100 LC Meter backstroke,"Lagos, Rodrigo",Natacion Master Recoleta,1,"1:09,73",69730,valid,1
men 30-34 100 LC Meter backstroke,"Nava, Juan",Nunoa Master,2,"1:19,51",79510,valid,1
men 30-34 100 LC Meter backstroke,"Parra, Nicolas",Pedro Aguirre Cerda,3,"1:23,02",83020,valid,1
men 30-34 100 LC Meter backstroke,"Cantoro, Sergio",Aquaclub Maipu,4,"1:30,09",90090,valid,1
men 30-34 100 LC Meter backstroke,"Pacheco Juri, Jose Tomas",Club Deportivo UC,5,"1:33,35",93350,valid,1
men 30-34 100 LC Meter backstroke,"Ventura, Maxi",Azul Natacion Mendoza,6,"1:35,69",95690,valid,1
men 30-34 100 LC Meter backstroke,"Magnenat, Javier",Agua Plena San Rafael,7,"1:39,11",99110,valid,1
men 30-34 100 LC Meter backstroke,"Barrera, Barrera",Azul Natacion Mendoza,8,"1:49,89",109890,valid,1
men 35-39 100 LC Meter backstroke,"Nava, Jose",Nunoa Master,1,"1:19,30",79300,valid,1
men 35-39 100 LC Meter backstroke,"Celaya, Ariel",Aquaclub Maipu,2,"1:19,76",79760,valid,1
men 35-39 100 LC Meter backstroke,"Aguilera, Juan Carlos",Master Providencia,3,"1:50,52",110520,valid,1
men 40-44 100 LC Meter backstroke,"Bricenño, Carlos",100 por Ciento Swim,1,"1:19,96",79960,valid,1
men 40-44 100 LC Meter backstroke,"Peralta, Leonardo",Aquaclub Maipu,2,"1:24,32",84320,valid,1
men 40-44 100 LC Meter backstroke,"Torres, Renzo",Natacion Master Recoleta,3,"1:27,79",87790,valid,1
men 40-44 100 LC Meter backstroke,"Serrano, Hector",100 por Ciento Swim,4,"1:32,61",92610,valid,1
men 40-44 100 LC Meter backstroke,"Arce, Javier",Calambre Swim Team,5,"1:37,29",97290,valid,1
men 45-49 100 LC Meter backstroke,"Cabello, Daniel",Natacion Master Recoleta,1,"1:40,93",100930,valid,1
men 45-49 100 LC Meter backstroke,"Vidal, Rodrigo",Penñalolen Master,2,"1:41,23",101230,valid,1
men 45-49 100 LC Meter backstroke,"Camargo, Pablo Sergio",Aquaclub Maipu,3,"1:46,64",106640,valid,1
men 50-54 100 LC Meter backstroke,"Lucena, Larry",Nunoa Master,1,"1:29,76",89760,valid,1
men 50-54 100 LC Meter backstroke,"Sevil, Angel",Penñalolen Master,2,"1:33,31",93310,valid,1
men 50-54 100 LC Meter backstroke,"Catalan, Marcelo",Master Providencia,3,"1:35,66",95660,valid,1
men 50-54 100 LC Meter backstroke,"Medina, Carlos",Master Providencia,4,"2:53,59",173590,valid,1
men 55-59 100 LC Meter backstroke,"Smith, Carlos",Master Providencia,1,"1:46,63",106630,valid,1
men 55-59 100 LC Meter backstroke,"Figueroa, Miguel",Azul Natacion Mendoza,2,"2:04,14",124140,valid,1
men 55-59 100 LC Meter backstroke,"Montes, Eduardo",Master Providencia,3,"2:12,96",132960,valid,1
men 55-59 100 LC Meter backstroke,"Velazquez, Orlando",Aquaclub Maipu,4,"3:05,16",185160,valid,1
men 60-64 100 LC Meter backstroke,"Jimenez, Andres",Natacion Master Buin,1,"1:44,29",104290,valid,1
men 60-64 100 LC Meter backstroke,"Aguirre, Jose Ignacio",Penñalolen Master,2,"2:11,68",131680,valid,1
men 60-64 100 LC Meter backstroke,"Vargas, Jose Luis",Golden,3,"2:15,63",135630,valid,1
men 65-69 100 LC Meter backstroke,"Lucero, Carlos A",Area Club San Luis,1,"2:05,81",125810,valid,1
men 65-69 100 LC Meter backstroke,"Rasse, Patricio",Master Providencia,2,"2:11,46",131460,valid,1
men 65-69 100 LC Meter backstroke,"Vega, Patricio",Natacion Master Buin,3,"2:14,55",134550,valid,1
men 65-69 100 LC Meter backstroke,"Catalan, Sergio",Nunoa Master,4,"2:22,33",142330,valid,1
men 65-69 100 LC Meter backstroke,"Moreno, Luis",Nunoa Master,5,"2:31,67",151670,valid,1
men 70-74 100 LC Meter backstroke,"Donoso, Juan",Master San Bernardo,1,"1:57,35",117350,valid,1
men 75-79 100 LC Meter backstroke,"Guadalupe, Jaime",Master Providencia,1,"2:16,25",136250,valid,1
women 19 & Under 50 LC Meter breaststroke,"Chertcoff, Victoria",Agua Plena San Rafael,1,"48,12",48120,valid,1
women 20-24 50 LC Meter breaststroke,"Guinñazu, Selene",Aquaclub Maipu,1,"46,71",46710,valid,1
women 20-24 50 LC Meter breaststroke,"Rivas, Alondra",Pedro Aguirre Cerda,2,"1:14,40",74400,valid,1
women 25-29 50 LC Meter breaststroke,"Dave, Gisela",Aquaclub Maipu,1,"46,41",46410,valid,1
women 25-29 50 LC Meter breaststroke,"Araya, Sofia",100 por Ciento Swim,2,"47,26",47260,valid,1
women 25-29 50 LC Meter breaststroke,"Ubilla, Catalina",Penñalolen Master,3,"47,41",47410,valid,1
women 25-29 50 LC Meter breaststroke,"Rivera, Sofia",Calambre Swim Team,4,"48,84",48840,valid,1
women 25-29 50 LC Meter breaststroke,"Farias, Thiare",Pedro Aguirre Cerda,5,"53,29",53290,valid,1
women 25-29 50 LC Meter breaststroke,"Tapia, Maria Jesus",Natacion Master Recoleta,6,"55,47",55470,valid,1
women 25-29 50 LC Meter breaststroke,"Jimenez, Javiera",Calambre Swim Team,7,"1:01,61",61610,valid,1
women 25-29 50 LC Meter breaststroke,"Carter, Daniela",Penñalolen Master,8,"1:03,35",63350,valid,1
women 25-29 50 LC Meter breaststroke,"Aguilera, Ayelen",Azul Natacion Mendoza,9,"1:08,36",68360,valid,1
women 30-34 50 LC Meter breaststroke,"Zamora Tapia, Barbara",Master Vitacura Swim,1,"52,51",52510,valid,1
women 30-34 50 LC Meter breaststroke,"Sanchez, Johana",Aquaclub Maipu,2,"52,82",52820,valid,1
women 30-34 50 LC Meter breaststroke,"Largi, Stephanie",Orinoco Swim,3,"1:00,59",60590,valid,1
women 30-34 50 LC Meter breaststroke,"Herrera Rojas, Gema",Penñalolen Master,4,"1:01,39",61390,valid,1
women 35-39 50 LC Meter breaststroke,"Nahuelpan, Nicole",100 por Ciento Swim,1,"1:27,98",87980,valid,1
women 40-44 50 LC Meter breaststroke,"Mangiameli, Georgina",Nunoa Master,1,"47,06",47060,valid,1
women 40-44 50 LC Meter breaststroke,"Velasquez, Lenismar",Natacion Master Recoleta,2,"52,26",52260,valid,1
women 40-44 50 LC Meter breaststroke,"Aparicio, Adriana",Nunoa Master,3,"1:02,62",62620,valid,1
women 40-44 50 LC Meter breaststroke,"Gonzalez, Daniela",Nunoa Master,4,"1:04,85",64850,valid,1
women 45-49 50 LC Meter breaststroke,"Arriola, Silvia",Aquaclub Maipu,1,"40,61",40610,valid,1
women 45-49 50 LC Meter breaststroke,"Defosse, Carla",Master Providencia,2,"50,11",50110,valid,1
women 45-49 50 LC Meter breaststroke,"Pino, Carla",Nielol,3,"51,14",51140,valid,1
women 45-49 50 LC Meter breaststroke,"Cooper, Karen",Master Providencia,4,"53,82",53820,valid,1
women 45-49 50 LC Meter breaststroke,"Rodriguez, Erika",Penñalolen Master,5,"1:09,16",69160,valid,1
women 45-49 50 LC Meter breaststroke,"Gauna, Noe",Azul Natacion Mendoza,6,"1:12,93",72930,valid,1
women 50-54 50 LC Meter breaststroke,"Jara, Carolina",Natacion Master Buin,1,"55,27",55270,valid,1
women 50-54 50 LC Meter breaststroke,"Tapia, Julieta",Master Providencia,2,"57,11",57110,valid,1
women 50-54 50 LC Meter breaststroke,"Ojeda, Veroénica",Penñalolen Master,3,"1:16,02",76020,valid,1
women 55-59 50 LC Meter breaststroke,"Tapia, Marcela",Africa Natacion,1,"55,41",55410,valid,1
women 55-59 50 LC Meter breaststroke,"Dable, Marie Claire",Master Providencia,2,"57,81",57810,valid,1
women 55-59 50 LC Meter breaststroke,"Crocco, Gianina",Natacion Master Buin,3,"1:05,45",65450,valid,1
women 55-59 50 LC Meter breaststroke,"Ramíérez, Orieta",Penñalolen Master,4,"1:08,92",68920,valid,1
women 55-59 50 LC Meter breaststroke,"Aros, Paola",Master Providencia,5,"1:12,37",72370,valid,1
women 55-59 50 LC Meter breaststroke,"Amaro, Maria",Pedro Aguirre Cerda,6,"1:56,88",116880,valid,1
women 60-64 50 LC Meter breaststroke,"Loayza, Alejandra",Master Providencia,1,"54,93",54930,valid,1
women 60-64 50 LC Meter breaststroke,"Acencio, Claudia",Master Providencia,2,"1:01,13",61130,valid,1
women 60-64 50 LC Meter breaststroke,"Muüller, Bettina",Penñalolen Master,3,"1:05,63",65630,valid,1
women 60-64 50 LC Meter breaststroke,"Quinones, Ema",Club Deportivo UC,4,"1:20,94",80940,valid,1
women 60-64 50 LC Meter breaststroke,"Canñete, Soledad",Natacion Master Recoleta,5,"1:40,44",100440,valid,1
women 60-64 50 LC Meter breaststroke,"Acunña, Patricia",Master Providencia,6,"1:44,17",104170,valid,1
women 65-69 50 LC Meter breaststroke,"Fuentes, Paulina",Club Koyaique,1,"49,56",49560,valid,1
women 65-69 50 LC Meter breaststroke,"Pinto Galleguillos, Rosario Soledad",Penñalolen Master,2,"1:13,98",73980,valid,1
women 65-69 50 LC Meter breaststroke,"Ayala, Elena",Master Providencia,3,"1:30,57",90570,valid,1
women 65-69 50 LC Meter breaststroke,"Alarcon, Silvia",Natacion Master Recoleta,4,"1:34,30",94300,valid,1
women 70-74 50 LC Meter breaststroke,"Toro, Soledad",Master Providencia,1,"1:25,47",85470,valid,1
women 70-74 50 LC Meter breaststroke,"Robles, Graciela",Nunoa Master,2,"2:13,50",133500,valid,1
women 75-79 50 LC Meter breaststroke,"Nunñez, Elizabeth",Master Providencia,1,"1:27,88",87880,valid,1
men 20-24 50 LC Meter breaststroke,"Flores, Jose Luis",Pedro Aguirre Cerda,1,"40,15",40150,valid,1
men 20-24 50 LC Meter breaststroke,"Zapata Esquivel, Tomas Benja",Aquaclub Maipu,2,"42,28",42280,valid,1
men 20-24 50 LC Meter breaststroke,"Caro, Martin",Pedro Aguirre Cerda,3,"43,78",43780,valid,1
men 20-24 50 LC Meter breaststroke,"Rivas, Leo",Azul Natacion Mendoza,4,"44,35",44350,valid,1
men 20-24 50 LC Meter breaststroke,"Trilla, Ignacio",Azul Natacion Mendoza,5,"46,01",46010,valid,1
men 20-24 50 LC Meter breaststroke,"Moron, Martin",Azul Natacion Mendoza,6,"49,29",49290,valid,1
men 20-24 50 LC Meter breaststroke,"Torres, Tomas",Golden,7,"50,84",50840,valid,1
men 25-29 50 LC Meter breaststroke,"Moreno, Julian",Aquaclub Maipu,1,"37,36",37360,valid,1
men 25-29 50 LC Meter breaststroke,"Rodriguez, Santi",Azul Natacion Mendoza,2,"38,91",38910,valid,1
men 25-29 50 LC Meter breaststroke,"Silva, Benjamin",Natacion Master Recoleta,3,"44,08",44080,valid,1
men 25-29 50 LC Meter breaststroke,"Ros, Matias",Aquaclub Maipu,4,"45,10",45100,valid,1
men 25-29 50 LC Meter breaststroke,"Valenzuela, Osvaldo",Natacion Master Recoleta,5,"45,24",45240,valid,1
men 25-29 50 LC Meter breaststroke,"Meneses, Felipe",Pedro Aguirre Cerda,6,"45,52",45520,valid,1
men 25-29 50 LC Meter breaststroke,"Bolanños, Kleiber",Pedro Aguirre Cerda,7,"47,53",47530,valid,1
men 25-29 50 LC Meter breaststroke,"Aguilera, Gonzalo",Penñalolen Master,8,"49,87",49870,valid,1
men 25-29 50 LC Meter breaststroke,"Perez, Maximiliano",Agua Plena San Rafael,9,"50,44",50440,valid,1
men 25-29 50 LC Meter breaststroke,"Saavedra, Lucas",Penñalolen Master,10,"51,28",51280,valid,1
men 25-29 50 LC Meter breaststroke,"Yanñez, Sebastian",Natacion Master Recoleta,11,"51,47",51470,valid,1
men 25-29 50 LC Meter breaststroke,"Monsalve, Nicolas",Natacion Master Recoleta,12,"54,26",54260,valid,1
men 30-34 50 LC Meter breaststroke,"Cantoro, Sergio",Aquaclub Maipu,1,"37,90",37900,valid,1
men 30-34 50 LC Meter breaststroke,"Castellano, Ricardo",Nunoa Master,2,"39,28",39280,valid,1
men 30-34 50 LC Meter breaststroke,"Becerra, Martin",Pedro Aguirre Cerda,3,"41,80",41800,valid,1
men 30-34 50 LC Meter breaststroke,"Miranda, Milanch",Calambre Swim Team,4,"42,61",42610,valid,1
men 30-34 50 LC Meter breaststroke,"Orrego, Ariel",Calambre Swim Team,5,"48,49",48490,valid,1
men 30-34 50 LC Meter breaststroke,"Barrera, Barrera",Azul Natacion Mendoza,6,"54,04",54040,valid,1
men 30-34 50 LC Meter breaststroke,"Ruiz, Javier",Agua Plena San Rafael,,DQ,,dsq,1
men 35-39 50 LC Meter breaststroke,"Him, Carlos",Orinoco Swim,1,"37,82",37820,valid,1
men 35-39 50 LC Meter breaststroke,"Carrera, Angel",Nunoa Master,2,"40,33",40330,valid,1
men 35-39 50 LC Meter breaststroke,"Barreto, Yuhneyber",Pedro Aguirre Cerda,3,"43,53",43530,valid,1
men 35-39 50 LC Meter breaststroke,"Rivera, Luis",Natacion Master Recoleta,4,"43,70",43700,valid,1
men 35-39 50 LC Meter breaststroke,"Guajardo, Juan Pablo",Penñalolen Master,5,"44,77",44770,valid,1
men 35-39 50 LC Meter breaststroke,"Sanchez, Marco",Master Providencia,6,"48,69",48690,valid,1
men 35-39 50 LC Meter breaststroke,"Gonzalez, Matias",Aquaclub Maipu,7,"55,36",55360,valid,1
men 35-39 50 LC Meter breaststroke,"Le Cerf, Patricio",Orinoco Swim,8,"1:00,70",60700,valid,1
men 40-44 50 LC Meter breaststroke,"Gomez, Carlos",Nunoa Master,1,"37,66",37660,valid,1
men 40-44 50 LC Meter breaststroke,"Gonzalez, German",Master Providencia,2,"38,79",38790,valid,1
men 40-44 50 LC Meter breaststroke,"Osses, Daniel",Nunoa Master,3,"40,92",40920,valid,1
men 40-44 50 LC Meter breaststroke,"Arce, Javier",Calambre Swim Team,4,"42,44",42440,valid,1
men 40-44 50 LC Meter breaststroke,"Torres, Renzo",Natacion Master Recoleta,5,"42,78",42780,valid,1
men 40-44 50 LC Meter breaststroke,"Vergara, Bruno",Nunoa Master,6,"43,74",43740,valid,1
men 40-44 50 LC Meter breaststroke,"Diaz, Andres",Master Providencia,7,"1:01,28",61280,valid,1
men 45-49 50 LC Meter breaststroke,"Valenzuela, Patricio A",Iron Swim Master,1,"36,53",36530,valid,1
men 45-49 50 LC Meter breaststroke,"Winter, Juan Enrique",Club Deportivo UC,2,"40,97",40970,valid,1
men 45-49 50 LC Meter breaststroke,"Cerrada, Yorggyn",Natacion Master Recoleta,3,"42,12",42120,valid,1
men 45-49 50 LC Meter breaststroke,"Rojas, Freddy",100 por Ciento Swim,4,"43,95",43950,valid,1
men 45-49 50 LC Meter breaststroke,"Parada, Oscar",Nunoa Master,5,"45,52",45520,valid,1
men 45-49 50 LC Meter breaststroke,"Paredes, David",Penñalolen Master,6,"46,21",46210,valid,1
men 45-49 50 LC Meter breaststroke,"Cabello, Daniel",Natacion Master Recoleta,7,"47,70",47700,valid,1
men 45-49 50 LC Meter breaststroke,"Vidal, Rodrigo",Penñalolen Master,8,"51,22",51220,valid,1
men 45-49 50 LC Meter breaststroke,"Maureira, Luis",Pedro Aguirre Cerda,9,"54,82",54820,valid,1
men 45-49 50 LC Meter breaststroke,"Soria, Gabriel",Master Providencia,10,"1:06,22",66220,valid,1
men 50-54 50 LC Meter breaststroke,"Reis, Nelson",Penñalolen Master,1,"34,96",34960,valid,1
men 50-54 50 LC Meter breaststroke,"Lucena, Larry",Nunoa Master,2,"43,94",43940,valid,1
men 50-54 50 LC Meter breaststroke,"Siqueira, Pablo",Penñalolen Master,3,"53,68",53680,valid,1
men 50-54 50 LC Meter breaststroke,"Romo, Fabri",Azul Natacion Mendoza,4,"54,62",54620,valid,1
men 55-59 50 LC Meter breaststroke,"Biason, Marcelo",Golden,1,"40,39",40390,valid,1
men 55-59 50 LC Meter breaststroke,"Silva, Raul",Penñalolen Master,2,"44,02",44020,valid,1
men 55-59 50 LC Meter breaststroke,"Smith, Carlos",Master Providencia,3,"44,39",44390,valid,1
men 55-59 50 LC Meter breaststroke,"Ubilla, Juan Carlos",Penñalolen Master,4,"48,60",48600,valid,1
men 55-59 50 LC Meter breaststroke,"Panetti, Mario",Golden,5,"51,73",51730,valid,1
men 55-59 50 LC Meter breaststroke,"Gonzaélez, Rodrigo",Penñalolen Master,6,"56,97",56970,valid,1
men 60-64 50 LC Meter breaststroke,"Fuenzalida, Roberto",Penñalolen Master,1,"46,70",46700,valid,1
men 60-64 50 LC Meter breaststroke,"Reyes Arenas, Eugenio",Penñalolen Master,2,"53,69",53690,valid,1
men 60-64 50 LC Meter breaststroke,"Vargas, Jose Luis",Golden,3,"1:10,65",70650,valid,1
men 65-69 50 LC Meter breaststroke,"Cantoé, Claudio",Penñalolen Master,1,"45,54",45540,valid,1
men 65-69 50 LC Meter breaststroke,"Cabello Tilleria, Jorge",Penñalolen Master,2,"47,43",47430,valid,1
men 65-69 50 LC Meter breaststroke,"Cabello, Andres T",Iron Swim Master,3,"53,41",53410,valid,1
men 65-69 50 LC Meter breaststroke,"Catalan, Sergio",Nunoa Master,4,"59,77",59770,valid,1
men 65-69 50 LC Meter breaststroke,"Rasse, Patricio",Master Providencia,5,"1:02,03",62030,valid,1
men 65-69 50 LC Meter breaststroke,"Toledo, Fredi",Natacion Master Recoleta,6,"1:02,21",62210,valid,1
men 65-69 50 LC Meter breaststroke,"Vega, Patricio",Natacion Master Buin,7,"1:05,62",65620,valid,1
men 65-69 50 LC Meter breaststroke,"Moreno, Luis",Nunoa Master,8,"1:19,21",79210,valid,1
men 70-74 50 LC Meter breaststroke,"Guerrero, Roberto",Master San Bernardo,1,"1:08,12",68120,valid,1
men 70-74 50 LC Meter breaststroke,"Alvarez, Ricardo",Nunoa Master,2,"1:30,43",90430,valid,1
men 75-79 50 LC Meter breaststroke,"Guerra B, Manfredo",Calambre Swim Team,1,"44,46",44460,valid,1
men 75-79 50 LC Meter breaststroke,"Guadalupe, Jaime",Master Providencia,2,"1:04,19",64190,valid,1
men 75-79 50 LC Meter breaststroke,"Huerta, Oscar",Penñalolen Master,,DQ,,dsq,1
men 80-84 50 LC Meter breaststroke,"Ferrando, Nestor",Nunoa Master,1,"1:21,88",81880,valid,1
women 19 & Under 100 LC Meter freestyle,"Chertcoff, Victoria",Agua Plena San Rafael,1,"1:16,21",76210,valid,1
women 20-24 100 LC Meter freestyle,"Avila, Sofia",Orinoco Swim,1,"1:24,41",84410,valid,1
women 20-24 100 LC Meter freestyle,"Guinñazu, Selene",Aquaclub Maipu,2,"1:28,01",88010,valid,1
women 20-24 100 LC Meter freestyle,"Rivas, Alondra",Pedro Aguirre Cerda,3,"1:43,19",103190,valid,1
women 25-29 100 LC Meter freestyle,"Mellado, Ana Laura",Aquaclub Maipu,1,"1:13,25",73250,valid,1
women 25-29 100 LC Meter freestyle,"Nunñez, Manuela",Master Providencia,2,"1:19,73",79730,valid,1
women 25-29 100 LC Meter freestyle,"Rivera, Sofia",Calambre Swim Team,3,"1:21,60",81600,valid,1
women 25-29 100 LC Meter freestyle,"Farias, Thiare",Pedro Aguirre Cerda,4,"1:36,62",96620,valid,1
women 25-29 100 LC Meter freestyle,"Tapia, Maria Jesus",Natacion Master Recoleta,5,"1:38,93",98930,valid,1
women 25-29 100 LC Meter freestyle,"Aguilera, Ayelen",Azul Natacion Mendoza,6,"1:50,85",110850,valid,1
women 25-29 100 LC Meter freestyle,"Jimenez, Javiera",Calambre Swim Team,7,"1:51,06",111060,valid,1
women 30-34 100 LC Meter freestyle,"Lopez, Diane",Pedro Aguirre Cerda,1,"1:25,07",85070,valid,1
women 30-34 100 LC Meter freestyle,"Sanchez, Johana",Aquaclub Maipu,2,"1:32,15",92150,valid,1
women 30-34 100 LC Meter freestyle,"Largi, Stephanie",Orinoco Swim,3,"1:45,38",105380,valid,1
women 35-39 100 LC Meter freestyle,"Vacher, Francisca",Golden,1,"1:15,52",75520,valid,1
women 35-39 100 LC Meter freestyle,"Godoy, Ana",Nunoa Master,2,"1:16,19",76190,valid,1
women 35-39 100 LC Meter freestyle,"Nahuelpan, Nicole",100 por Ciento Swim,3,"1:50,71",110710,valid,1
women 40-44 100 LC Meter freestyle,"Penña, Daniela",Orinoco Swim,1,"1:19,98",79980,valid,1
women 40-44 100 LC Meter freestyle,"Rodriguez, Diana",Nunoa Master,2,"1:21,39",81390,valid,1
women 40-44 100 LC Meter freestyle,"Mangiameli, Georgina",Nunoa Master,3,"1:30,41",90410,valid,1
women 40-44 100 LC Meter freestyle,"Aparicio, Adriana",Nunoa Master,4,"1:39,13",99130,valid,1
women 45-49 100 LC Meter freestyle,"Guadalupe, Paula",Master Providencia,1,"1:17,40",77400,valid,1
women 45-49 100 LC Meter freestyle,"Pino, Carla",Nielol,2,"1:21,03",81030,valid,1
women 45-49 100 LC Meter freestyle,"Defosse, Carla",Master Providencia,3,"1:25,46",85460,valid,1
women 45-49 100 LC Meter freestyle,"Vasquez, Carola",Natacion Master Recoleta,4,"1:32,02",92020,valid,1
women 45-49 100 LC Meter freestyle,"Aguilar, Glaisa",Nunoa Master,5,"1:32,07",92070,valid,1
women 45-49 100 LC Meter freestyle,"Rodriguez, Erika",Penñalolen Master,6,"1:46,95",106950,valid,1
women 45-49 100 LC Meter freestyle,"Gauna, Noe",Azul Natacion Mendoza,7,"2:09,64",129640,valid,1
women 50-54 100 LC Meter freestyle,"Jara, Carolina",Natacion Master Buin,1,"1:37,04",97040,valid,1
women 50-54 100 LC Meter freestyle,"Gonzalez, Elena",Nunoa Master,2,"1:47,32",107320,valid,1
women 50-54 100 LC Meter freestyle,"Ojeda, Veroénica",Penñalolen Master,3,"1:49,65",109650,valid,1
women 50-54 100 LC Meter freestyle,"Vera, Claudia",Natacion Master Recoleta,4,"1:57,96",117960,valid,1
women 50-54 100 LC Meter freestyle,"Cabeza, Marisel",Nunoa Master,5,"2:07,61",127610,valid,1
women 55-59 100 LC Meter freestyle,"Crocco, Gianina",Natacion Master Buin,1,"1:37,71",97710,valid,1
women 55-59 100 LC Meter freestyle,"Dable, Marie Claire",Master Providencia,2,"1:39,98",99980,valid,1
women 55-59 100 LC Meter freestyle,"Ramíérez, Orieta",Penñalolen Master,3,"1:51,66",111660,valid,1
women 55-59 100 LC Meter freestyle,"Perez, Paulina",Natacion Master Recoleta,4,"1:58,05",118050,valid,1
women 55-59 100 LC Meter freestyle,"Aros, Paola",Master Providencia,5,"2:01,62",121620,valid,1
women 55-59 100 LC Meter freestyle,"Amaro, Maria",Pedro Aguirre Cerda,6,"2:11,21",131210,valid,1
women 60-64 100 LC Meter freestyle,"Case, Cynthia",Master Providencia,1,"1:24,20",84200,valid,1
women 60-64 100 LC Meter freestyle,"Acencio, Claudia",Master Providencia,2,"1:39,77",99770,valid,1
women 60-64 100 LC Meter freestyle,"Muüller, Bettina",Penñalolen Master,3,"1:50,06",110060,valid,1
women 60-64 100 LC Meter freestyle,"Reyes, Irene",Pedro Aguirre Cerda,4,"2:04,82",124820,valid,1
women 60-64 100 LC Meter freestyle,"Canñete, Soledad",Natacion Master Recoleta,5,"2:09,85",129850,valid,1
women 60-64 100 LC Meter freestyle,"Acunña, Patricia",Master Providencia,6,"2:22,68",142680,valid,1
women 60-64 100 LC Meter freestyle,"Moncada, Marisol",Natacion Master Recoleta,7,"2:44,66",164660,valid,1
women 65-69 100 LC Meter freestyle,"Pinto Galleguillos, Rosario Soledad",Penñalolen Master,1,"1:41,66",101660,valid,1
women 65-69 100 LC Meter freestyle,"Alarcon, Silvia",Natacion Master Recoleta,2,"2:07,88",127880,valid,1
women 65-69 100 LC Meter freestyle,"Concha, Elizabeth",Nunoa Master,3,"2:11,91",131910,valid,1
women 65-69 100 LC Meter freestyle,"Ayala, Elena",Master Providencia,4,"3:13,04",193040,valid,1
women 70-74 100 LC Meter freestyle,"Munñoz, Maria",Nunoa Master,1,"2:21,31",141310,valid,1
women 70-74 100 LC Meter freestyle,"Toro, Soledad",Master Providencia,2,"2:23,65",143650,valid,1
women 70-74 100 LC Meter freestyle,"Robles, Graciela",Nunoa Master,3,"2:58,97",178970,valid,1
women 75-79 100 LC Meter freestyle,"Nunñez, Elizabeth",Master Providencia,1,"2:10,81",130810,valid,1
women 85-89 100 LC Meter freestyle,"Escudero, Oriele",Nunoa Master,1,"2:45,51",165510,valid,1
men 19 & Under 100 LC Meter freestyle,"Reis Aguayo, Nelson",Penñalolen Master,1,"1:04,84",64840,valid,1
men 19 & Under 100 LC Meter freestyle,"Rodriguez, Joaquin",Agua Plena San Rafael,2,"1:35,89",95890,valid,1
men 20-24 100 LC Meter freestyle,"Gonzalez, Joaquin",Natacion Master Recoleta,1,"1:11,49",71490,valid,1
men 20-24 100 LC Meter freestyle,"Flores, Jose Luis",Pedro Aguirre Cerda,2,"1:12,18",72180,valid,1
men 20-24 100 LC Meter freestyle,"Zapata Esquivel, Tomas Benja",Aquaclub Maipu,3,"1:16,45",76450,valid,1
men 20-24 100 LC Meter freestyle,"Trilla, Ignacio",Azul Natacion Mendoza,4,"1:20,34",80340,valid,1
men 20-24 100 LC Meter freestyle,"Caro, Martin",Pedro Aguirre Cerda,5,"1:21,81",81810,valid,1
men 20-24 100 LC Meter freestyle,"Moron, Martin",Azul Natacion Mendoza,6,"1:25,00",85000,valid,1
men 25-29 100 LC Meter freestyle,"Bulnes, Martin",Golden,1,"1:04,70",64700,valid,1
men 25-29 100 LC Meter freestyle,"Gonzalez, Daniel",Nunoa Master,2,"1:06,26",66260,valid,1
men 25-29 100 LC Meter freestyle,"Caro, Cristobal",Pedro Aguirre Cerda,3,"1:07,14",67140,valid,1
men 25-29 100 LC Meter freestyle,"Fernandez Morales, Nelson",Club Deportivo UC,4,"1:12,34",72340,valid,1
men 25-29 100 LC Meter freestyle,"Meneses, Felipe",Pedro Aguirre Cerda,5,"1:13,86",73860,valid,1
men 25-29 100 LC Meter freestyle,"Bolanños, Kleiber",Pedro Aguirre Cerda,6,"1:14,91",74910,valid,1
men 25-29 100 LC Meter freestyle,"Rodriguez, Santi",Azul Natacion Mendoza,7,"1:14,92",74920,valid,1
men 25-29 100 LC Meter freestyle,"Aguilera, Gonzalo",Penñalolen Master,8,"1:18,07",78070,valid,1
men 25-29 100 LC Meter freestyle,"Saavedra, Lucas",Penñalolen Master,9,"1:18,88",78880,valid,1
men 25-29 100 LC Meter freestyle,"Avila, Franco",Penñalolen Master,10,"1:21,47",81470,valid,1
men 25-29 100 LC Meter freestyle,"Monsalve, Nicolas",Natacion Master Recoleta,11,"1:24,39",84390,valid,1
men 25-29 100 LC Meter freestyle,"Yanñez, Sebastian",Natacion Master Recoleta,12,"1:26,46",86460,valid,1
men 25-29 100 LC Meter freestyle,"Perez, Maximiliano",Agua Plena San Rafael,13,"1:26,64",86640,valid,1
men 25-29 100 LC Meter freestyle,"Walder, Raul",100 por Ciento Swim,14,"1:30,53",90530,valid,1
men 25-29 100 LC Meter freestyle,"Valenzuela, Osvaldo",Natacion Master Recoleta,15,"1:32,73",92730,valid,1
men 30-34 100 LC Meter freestyle,"Lagos, Rodrigo",Natacion Master Recoleta,1,"1:00,88",60880,valid,1
men 30-34 100 LC Meter freestyle,"Nava, Juan",Nunoa Master,2,"1:05,31",65310,valid,1
men 30-34 100 LC Meter freestyle,"Parra, Nicolas",Pedro Aguirre Cerda,3,"1:05,66",65660,valid,1
men 30-34 100 LC Meter freestyle,"Lucero, Mauricio",Ciudad de Mendoza,4,"1:07,31",67310,valid,1
men 30-34 100 LC Meter freestyle,"Becerra, Martin",Pedro Aguirre Cerda,5,"1:10,38",70380,valid,1
men 30-34 100 LC Meter freestyle,"Cantoro, Sergio",Aquaclub Maipu,6,"1:12,87",72870,valid,1
men 30-34 100 LC Meter freestyle,"Sayago, Alexis",Nunoa Master,7,"1:13,24",73240,valid,1
men 30-34 100 LC Meter freestyle,"Carrasco, Moises",Nunoa Master,8,"1:13,54",73540,valid,1
men 30-34 100 LC Meter freestyle,"Ventura, Maxi",Azul Natacion Mendoza,9,"1:16,78",76780,valid,1
men 30-34 100 LC Meter freestyle,"Pacheco Juri, Jose Tomas",Club Deportivo UC,10,"1:17,29",77290,valid,1
men 30-34 100 LC Meter freestyle,"Magnenat, Javier",Agua Plena San Rafael,11,"1:19,01",79010,valid,1
men 30-34 100 LC Meter freestyle,"Ruiz, Javier",Agua Plena San Rafael,12,"1:26,15",86150,valid,1
men 30-34 100 LC Meter freestyle,"Orrego, Ariel",Calambre Swim Team,13,"1:30,11",90110,valid,1
men 30-34 100 LC Meter freestyle,"Barrera, Barrera",Azul Natacion Mendoza,14,"1:37,48",97480,valid,1
men 30-34 100 LC Meter freestyle,"Maldonado, Nicolas",Agua Plena San Rafael,15,"1:44,91",104910,valid,1
men 35-39 100 LC Meter freestyle,"Rincon, Luis",Orinoco Swim,1,"59,18",59180,valid,1
men 35-39 100 LC Meter freestyle,"Carrera, Angel",Nunoa Master,2,"1:03,12",63120,valid,1
men 35-39 100 LC Meter freestyle,"Him, Carlos",Orinoco Swim,3,"1:03,59",63590,valid,1
men 35-39 100 LC Meter freestyle,"Celaya, Ariel",Aquaclub Maipu,4,"1:06,17",66170,valid,1
men 35-39 100 LC Meter freestyle,"Nava, Jose",Nunoa Master,5,"1:07,62",67620,valid,1
men 35-39 100 LC Meter freestyle,"Rivera, Luis",Natacion Master Recoleta,6,"1:15,05",75050,valid,1
men 35-39 100 LC Meter freestyle,"Aguilera, Juan Carlos",Master Providencia,7,"1:24,89",84890,valid,1
men 35-39 100 LC Meter freestyle,"Sanchez, Marco",Master Providencia,8,"1:26,04",86040,valid,1
men 35-39 100 LC Meter freestyle,"Barreto, Yuhneyber",Pedro Aguirre Cerda,9,"1:26,99",86990,valid,1
men 35-39 100 LC Meter freestyle,"Le Cerf, Patricio",Orinoco Swim,10,"1:28,11",88110,valid,1
men 35-39 100 LC Meter freestyle,"Gonzalez, Matias",Aquaclub Maipu,11,"1:31,76",91760,valid,1
men 35-39 100 LC Meter freestyle,"Curihuinca, Camilo",Natacion Master Recoleta,12,"1:37,27",97270,valid,1
men 40-44 100 LC Meter freestyle,"Olivares, Pedro",Golden,1,"1:03,42",63420,valid,1
men 40-44 100 LC Meter freestyle,"Garzon, Jean",Master Providencia,2,"1:05,36",65360,valid,1
men 40-44 100 LC Meter freestyle,"Vergara, Bruno",Nunoa Master,3,"1:10,81",70810,valid,1
men 40-44 100 LC Meter freestyle,"Gonzalez, German",Master Providencia,4,"1:12,68",72680,valid,1
men 40-44 100 LC Meter freestyle,"Arce, Javier",Calambre Swim Team,5,"1:16,10",76100,valid,1
men 40-44 100 LC Meter freestyle,"Romero, Christian",Nunoa Master,6,"1:21,52",81520,valid,1
men 40-44 100 LC Meter freestyle,"Serrano, Hector",100 por Ciento Swim,7,"1:24,25",84250,valid,1
men 40-44 100 LC Meter freestyle,"Diaz, Andres",Master Providencia,8,"1:54,29",114290,valid,1
men 45-49 100 LC Meter freestyle,"Garcia, Alexis",Penñalolen Master,1,"1:06,41",66410,valid,1
men 45-49 100 LC Meter freestyle,"Winter, Juan Enrique",Club Deportivo UC,2,"1:16,70",76700,valid,1
men 45-49 100 LC Meter freestyle,"Cabello, Daniel",Natacion Master Recoleta,3,"1:19,98",79980,valid,1
men 45-49 100 LC Meter freestyle,"Camargo, Pablo Sergio",Aquaclub Maipu,4,"1:20,56",80560,valid,1
men 45-49 100 LC Meter freestyle,"Hidalgo, Victor Andreés",Penñalolen Master,5,"1:23,48",83480,valid,1
men 45-49 100 LC Meter freestyle,"Parada, Oscar",Nunoa Master,6,"1:25,87",85870,valid,1
men 45-49 100 LC Meter freestyle,"Paredes, David",Penñalolen Master,7,"1:26,50",86500,valid,1
men 45-49 100 LC Meter freestyle,"Rojas, Freddy",100 por Ciento Swim,8,"1:31,41",91410,valid,1
men 45-49 100 LC Meter freestyle,"Maureira, Luis",Pedro Aguirre Cerda,9,"1:33,45",93450,valid,1
men 45-49 100 LC Meter freestyle,"Soria, Gabriel",Master Providencia,10,"2:01,42",121420,valid,1
men 50-54 100 LC Meter freestyle,"Gutierrez Oliveros, Luis",Club Deportivo UC,1,"1:09,03",69030,valid,1
men 50-54 100 LC Meter freestyle,"Catalan, Marcelo",Master Providencia,2,"1:13,42",73420,valid,1
men 50-54 100 LC Meter freestyle,"Sevil, Angel",Penñalolen Master,3,"1:13,67",73670,valid,1
men 50-54 100 LC Meter freestyle,"Matulic L, Wladimir",Club Deportivo UC,4,"1:17,21",77210,valid,1
men 50-54 100 LC Meter freestyle,"Romo, Fabri",Azul Natacion Mendoza,5,"1:34,61",94610,valid,1
men 50-54 100 LC Meter freestyle,"Siqueira, Pablo",Penñalolen Master,6,"1:36,08",96080,valid,1
men 55-59 100 LC Meter freestyle,"Gallardo, Enrique",Golden,1,"1:06,22",66220,valid,1
men 55-59 100 LC Meter freestyle,"Briones, Eduardo",Master Providencia,2,"1:07,02",67020,valid,1
men 55-59 100 LC Meter freestyle,"Smith, Carlos",Master Providencia,3,"1:19,51",79510,valid,1
men 55-59 100 LC Meter freestyle,"Panetti, Mario",Golden,4,"1:22,92",82920,valid,1
men 55-59 100 LC Meter freestyle,"Pacheco C, Mario Alejandro",Club Deportivo UC,5,"1:25,11",85110,valid,1
men 55-59 100 LC Meter freestyle,"Biason, Marcelo",Golden,6,"1:25,68",85680,valid,1
men 55-59 100 LC Meter freestyle,"Ubilla, Juan Carlos",Penñalolen Master,7,"1:28,52",88520,valid,1
men 55-59 100 LC Meter freestyle,"Figueroa, Miguel",Azul Natacion Mendoza,8,"1:41,15",101150,valid,1
men 55-59 100 LC Meter freestyle,"Montes, Eduardo",Master Providencia,9,"1:43,56",103560,valid,1
men 60-64 100 LC Meter freestyle,"Fuenzalida, Roberto",Penñalolen Master,1,"1:23,69",83690,valid,1
men 60-64 100 LC Meter freestyle,"Aguirre, Jose Ignacio",Penñalolen Master,2,"1:27,27",87270,valid,1
men 65-69 100 LC Meter freestyle,"Lucero, Carlos A",Area Club San Luis,1,"1:26,85",86850,valid,1
men 65-69 100 LC Meter freestyle,"Toledo, Fredi",Natacion Master Recoleta,2,"1:39,33",99330,valid,1
men 65-69 100 LC Meter freestyle,"Rasse, Patricio",Master Providencia,3,"1:50,08",110080,valid,1
men 65-69 100 LC Meter freestyle,"Vega, Patricio",Natacion Master Buin,4,"2:04,27",124270,valid,1
men 65-69 100 LC Meter freestyle,"Moreno, Luis",Nunoa Master,5,"2:19,02",139020,valid,1
men 70-74 100 LC Meter freestyle,"Donoso, Juan",Master San Bernardo,1,"1:26,01",86010,valid,1
men 70-74 100 LC Meter freestyle,"Guerrero, Roberto",Master San Bernardo,2,"2:07,90",127900,valid,1
men 70-74 100 LC Meter freestyle,"Alvarez, Ricardo",Nunoa Master,3,"2:10,55",130550,valid,1
men 75-79 100 LC Meter freestyle,"Guerra B, Manfredo",Calambre Swim Team,1,"1:23,45",83450,valid,1
men 75-79 100 LC Meter freestyle,"Guadalupe, Jaime",Master Providencia,2,"1:56,00",116000,valid,1
men 75-79 100 LC Meter freestyle,"Huerta, Oscar",Penñalolen Master,3,"2:30,16",150160,valid,1
men 80-84 100 LC Meter freestyle,"Ferrando, Nestor",Nunoa Master,1,"3:17,37",197370,valid,1
