page_number,line_number,event_number,event_name,athlete_name,age_at_event,birth_year_estimated,club_name,rank_position,seed_time_text,seed_time_ms,result_time_text,result_time_ms,status,raw_line
1,6,1,women 19 & Under 200 SC Meter freestyle,"Trabazo, Guadalupe",19,2007,Andes Talleres,1,"3:05,00",185000,"3:08,71",188710,valid,"1 Trabazo, Guadalupe 19 Andes Talleres 3:05.00 3:08.71 9"
1,8,1,women 20-24 200 SC Meter freestyle,"Muchut Moyano, Rocíío Alumine í",24,2002,Club Sparta A.C.,1,"2:29,51",149510,"2:28,09",148090,valid,"1 Muchut Moyano, Rocíío Alumine í 24 Club Sparta A.C. 2:29.51 2:28.09 9"
1,9,1,women 20-24 200 SC Meter freestyle,"Gavilucci, Valentina",24,2002,Club Sparta A.C.,2,"3:58,44",238440,"3:17,64",197640,valid,"2 Gavilucci, Valentina 24 Club Sparta A.C. 3:58.44 3:17.64 7"
1,11,1,women 25-29 200 SC Meter freestyle,"Pavio Civit, Natalia",26,2000,Club Sparta A.C.,1,"2:35,47",155470,"2:25,21",145210,valid,"1 Pavio Civit, Natalia 26 Club Sparta A.C. 2:35.47 2:25.21 9"
1,12,1,women 25-29 200 SC Meter freestyle,"Mellado, Ana Laura",25,2001,Aquaclub Maipu,2,"2:43,06",163060,"2:50,44",170440,valid,"2 Mellado, Ana Laura 25 Aquaclub Maipu 2:43.06 2:50.44 7"
1,13,1,women 25-29 200 SC Meter freestyle,"Arce, Aisha",28,1998,Club Sparta A.C.,3,"2:57,14",177140,"2:54,07",174070,valid,"3 Arce, Aisha 28 Club Sparta A.C. 2:57.14 2:54.07 6"
1,14,1,women 25-29 200 SC Meter freestyle,"Gargantini, Agostina",25,2001,Club Sparta A.C.,4,"3:19,14",199140,"3:09,81",189810,valid,"4 Gargantini, Agostina 25 Club Sparta A.C. 3:19.14 3:09.81 5"
1,15,1,women 25-29 200 SC Meter freestyle,"Galetto, Ornella",26,2000,Club Sparta A.C.,5,"3:32,14",212140,"3:18,35",198350,valid,"5 Galetto, Ornella 26 Club Sparta A.C. 3:32.14 3:18.35 4"
1,16,1,women 25-29 200 SC Meter freestyle,"Herrera, Amparo",29,1997,Club Sparta A.C.,6,"3:57,61",237610,"3:19,24",199240,valid,"6 Herrera, Amparo 29 Club Sparta A.C. 3:57.61 3:19.24 3"
1,17,1,women 25-29 200 SC Meter freestyle,"Faríías, Tiare",27,1999,Pedro Aguirre Cerda,7,"3:33,00",213000,"3:25,99",205990,valid,"7 Faríías, Tiare 27 Pedro Aguirre Cerda 3:33.00 3:25.99 2"
1,18,1,women 25-29 200 SC Meter freestyle,"Escudero, Ailen",28,1998,Club Sparta A.C.,8,"4:15,21",255210,"3:26,17",206170,valid,"8 Escudero, Ailen 28 Club Sparta A.C. 4:15.21 3:26.17 1"
1,19,1,women 25-29 200 SC Meter freestyle,"Funes, Carolina",25,2001,Club Sparta A.C.,9,"3:39,45",219450,"3:35,74",215740,valid,"9 Funes, Carolina 25 Club Sparta A.C. 3:39.45 3:35.74"
1,21,1,women 30-34 200 SC Meter freestyle,"Monassa, Emeli",34,1992,Club Sparta A.C.,1,"2:40,28",160280,"2:44,26",164260,valid,"1 Monassa, Emeli 34 Club Sparta A.C. 2:40.28 2:44.26 9"
1,22,1,women 30-34 200 SC Meter freestyle,"Mauad, Yamile",30,1996,Club Sparta A.C.,2,"3:02,70",182700,"2:50,28",170280,valid,"2 Mauad, Yamile 30 Club Sparta A.C. 3:02.70 2:50.28 7"
1,23,1,women 30-34 200 SC Meter freestyle,"Garin, Emilia",34,1992,Club Sparta A.C.,3,"3:13,50",193500,"2:59,63",179630,valid,"3 Garin, Emilia 34 Club Sparta A.C. 3:13.50 2:59.63 6"
1,24,1,women 30-34 200 SC Meter freestyle,"Badui, Nahir",31,1995,Club Sparta A.C.,4,"3:03,15",183150,"3:05,70",185700,valid,"4 Badui, Nahir 31 Club Sparta A.C. 3:03.15 3:05.70 5"
1,25,1,women 30-34 200 SC Meter freestyle,"Sanchez, Johana",31,1995,Aquaclub Maipu,5,"3:12,69",192690,"3:11,86",191860,valid,"5 Sanchez, Johana 31 Aquaclub Maipu 3:12.69 3:11.86 4"
1,26,1,women 30-34 200 SC Meter freestyle,"Chavez, Roxana",34,1992,Club Sparta A.C.,6,"3:55,63",235630,"3:25,22",205220,valid,"6 Chavez, Roxana 34 Club Sparta A.C. 3:55.63 3:25.22 3"
1,27,1,women 30-34 200 SC Meter freestyle,"Alvarez, Samanta",30,1996,Club Sparta A.C.,7,"3:57,12",237120,"3:44,37",224370,valid,"7 Alvarez, Samanta 30 Club Sparta A.C. 3:57.12 3:44.37 2"
1,28,1,women 30-34 200 SC Meter freestyle,"Arancibia, Virginia",31,1995,Club Sparta A.C.,8,"3:49,85",229850,"3:46,89",226890,valid,"8 Arancibia, Virginia 31 Club Sparta A.C. 3:49.85 3:46.89 1"
1,29,1,women 30-34 200 SC Meter freestyle,"Revello, Michelle",31,1995,Pedro Aguirre Cerda,9,"4:07,40",247400,"4:08,18",248180,valid,"9 Revello, Michelle 31 Pedro Aguirre Cerda 4:07.40 4:08.18"
1,31,1,women 35-39 200 SC Meter freestyle,"Martin, Anita",38,1988,Andes Talleres,1,"3:15,00",195000,"3:00,74",180740,valid,"1 Martin, Anita 38 Andes Talleres 3:15.00 3:00.74 9"
1,32,1,women 35-39 200 SC Meter freestyle,"Radivoy, Maria E",39,1987,Andes Talleres,2,"3:20,00",200000,"3:07,53",187530,valid,"2 Radivoy, Maria E 39 Andes Talleres 3:20.00 3:07.53 7"
1,33,1,women 35-39 200 SC Meter freestyle,"Ortubia, Natalia",38,1988,Club Sparta A.C.,3,"4:05,12",245120,"3:59,19",239190,valid,"3 Ortubia, Natalia 38 Club Sparta A.C. 4:05.12 3:59.19 6"
1,35,1,women 40-44 200 SC Meter freestyle,"Cabeza, Maria Belen",40,1986,Andes Talleres,1,"2:29,21",149210,"2:30,58",150580,valid,"1 Cabeza, Maria Belen 40 Andes Talleres 2:29.21 2:30.58 9"
1,36,1,women 40-44 200 SC Meter freestyle,"Rodriguez, Diana",41,1985,NÑ unñoa Master,2,"3:20,00",200000,"3:12,24",192240,valid,"2 Rodriguez, Diana 41 NÑ unñoa Master 3:20.00 3:12.24 7"
1,37,1,women 40-44 200 SC Meter freestyle,"Espinosa, Analia L",41,1985,Club DE Natacion Atlantis,3,"3:20,00",200000,"3:14,29",194290,valid,"3 Espinosa, Analia L 41 Club DE Natacion Atlantis 3:20.00 3:14.29 6"
1,38,1,women 40-44 200 SC Meter freestyle,"Bisson, Natali",40,1986,Andes Talleres,4,"3:30,00",210000,"3:17,59",197590,valid,"4 Bisson, Natali 40 Andes Talleres 3:30.00 3:17.59 5"
1,39,1,women 40-44 200 SC Meter freestyle,"Natalia, Silva",41,1985,Agua Plena San Rafael,5,"4:05,00",245000,"3:40,15",220150,valid,"5 Natalia, Silva 41 Agua Plena San Rafael 4:05.00 3:40.15 4"
1,41,1,women 45-49 200 SC Meter freestyle,"Gestoso Fraga, Maria Soledad",46,1980,Andes Talleres,1,"3:32,00",212000,"3:24,61",204610,valid,"1 Gestoso Fraga, Maria Soledad 46 Andes Talleres 3:32.00 3:24.61 9"
1,42,1,women 45-49 200 SC Meter freestyle,"Gonzalez, Maria",47,1979,Club Sparta A.C.,2,"3:56,08",236080,"3:45,89",225890,valid,"2 Gonzalez, Maria 47 Club Sparta A.C. 3:56.08 3:45.89 7"
1,44,1,women 50-54 200 SC Meter freestyle,"Tapia, Julieta",51,1975,Master Providencia Chile,1,"4:00,00",240000,"3:40,14",220140,valid,"1 Tapia, Julieta 51 Master Providencia Chile 4:00.00 3:40.14 9"
1,46,1,women 55-59 200 SC Meter freestyle,"Figueroa, Angela",58,1968,Club Sparta A.C.,1,"6:58,33",418330,"5:09,75",309750,valid,"1 Figueroa, Angela 58 Club Sparta A.C. 6:58.33 5:09.75 9"
1,48,1,women 60-64 200 SC Meter freestyle,"Case, Cynthia",64,1962,Master Providencia Chile,1,"2:58,42",178420,"2:58,19",178190,valid,"1 Case, Cynthia 64 Master Providencia Chile 2:58.42 2:58.19 9"
1,49,1,women 60-64 200 SC Meter freestyle,"Moyano, Claudia",60,1966,Club Sparta A.C.,2,"3:11,17",191170,"3:05,57",185570,valid,"2 Moyano, Claudia 60 Club Sparta A.C. 3:11.17 3:05.57 7"
1,50,1,women 60-64 200 SC Meter freestyle,"Richardi, Marisa",64,1962,Andes Talleres,3,"5:07,54",307540,"5:11,11",311110,valid,"3 Richardi, Marisa 64 Andes Talleres 5:07.54 5:11.11 6"
1,51,1,women 60-64 200 SC Meter freestyle,"Lopez, Elena",64,1962,Club Sparta A.C.,4,"5:12,55",312550,"5:15,06",315060,valid,"4 Lopez, Elena 64 Club Sparta A.C. 5:12.55 5:15.06 5"
2,5,1,women 65-69 200 SC Meter freestyle,"Concha, Elizabeth",68,1958,NÑ unñoa Master,1,"4:38,00",278000,"3:27,47",207470,valid,"1 Concha, Elizabeth 68 NÑ unñoa Master 4:38.00 3:27.47 9"
2,7,1,women 70-74 200 SC Meter freestyle,"Ruiz, Alicia",70,1956,Andes Talleres,1,"5:19,76",319760,"5:04,03",304030,valid,"1 Ruiz, Alicia 70 Andes Talleres 5:19.76 5:04.03 9"
2,9,1,women 90-94 200 SC Meter freestyle,"Bush, Eliana",92,1934,Delfines DE Las Condes,1,NT,,"5:05,95",305950,valid,"1 Bush, Eliana 92 Delfines DE Las Condes NT 5:05.95 9"
2,11,2,men 19 & Under 200 SC Meter freestyle,"Benegas, Laureano",17,2009,Andes Talleres,1,"2:20,00",140000,"2:14,79",134790,valid,"1 Benegas, Laureano 17 Andes Talleres 2:20.00 2:14.79 9"
2,12,2,men 19 & Under 200 SC Meter freestyle,"Gonzalez, Nicolas Agustíín",19,2007,Andes Talleres,2,"2:19,78",139780,"2:15,55",135550,valid,"2 Gonzalez, Nicolas Agustíín 19 Andes Talleres 2:19.78 2:15.55 7"
2,13,2,men 19 & Under 200 SC Meter freestyle,"Rodriguez, Joaquin",19,2007,Agua Plena San Rafael,3,"3:21,00",201000,"3:06,50",186500,valid,"3 Rodriguez, Joaquin 19 Agua Plena San Rafael 3:21.00 3:06.50 6"
2,15,2,men 20-24 200 SC Meter freestyle,"Galetto, Valentino",22,2004,Club Sparta A.C.,1,"2:14,53",134530,"2:11,15",131150,valid,"1 Galetto, Valentino 22 Club Sparta A.C. 2:14.53 2:11.15 9"
2,16,2,men 20-24 200 SC Meter freestyle,"Gimenez DE Michilis, Tobias",24,2002,Club Sparta A.C.,2,"2:30,78",150780,"2:31,09",151090,valid,"2 Gimenez DE Michilis, Tobias 24 Club Sparta A.C. 2:30.78 2:31.09 7"
2,17,2,men 20-24 200 SC Meter freestyle,"Martinez, Julio",21,2005,Andes Talleres,3,"3:00,00",180000,"2:49,15",169150,valid,"3 Martinez, Julio 21 Andes Talleres 3:00.00 2:49.15 6"
2,18,2,men 20-24 200 SC Meter freestyle,"Moron, Martin",22,2004,Club Azul Natacion Mendoza,4,"3:40,00",220000,"3:08,17",188170,valid,"4 Moron, Martin 22 Club Azul Natacion Mendoza 3:40.00 3:08.17 5"
2,19,2,men 20-24 200 SC Meter freestyle,"Rivas, Leo",24,2002,Club Azul Natacion Mendoza,,"3:10,00",190000,DNF,,dnf,"--- Rivas, Leo 24 Club Azul Natacion Mendoza 3:10.00 DNF"
2,21,2,men 25-29 200 SC Meter freestyle,"Ferro, Bruno A",26,2000,Club Sparta A.C.,1,"2:29,14",149140,"2:24,61",144610,valid,"1 Ferro, Bruno A 26 Club Sparta A.C. 2:29.14 2:24.61 9"
2,22,2,men 25-29 200 SC Meter freestyle,"Ledda, Augusto",26,2000,Club Sparta A.C.,2,"2:32,14",152140,"2:27,29",147290,valid,"2 Ledda, Augusto 26 Club Sparta A.C. 2:32.14 2:27.29 7"
2,23,2,men 25-29 200 SC Meter freestyle,"Ventura, Marcos",27,1999,Club Sparta A.C.,3,"2:37,02",157020,"2:28,83",148830,valid,"3 Ventura, Marcos 27 Club Sparta A.C. 2:37.02 2:28.83 6"
2,24,2,men 25-29 200 SC Meter freestyle,"Caro P, Cristoíbal Fdo",26,2000,Pedro Aguirre Cerda,4,"2:28,20",148200,"2:29,06",149060,valid,"4 Caro P, Cristoíbal Fdo 26 Pedro Aguirre Cerda 2:28.20 2:29.06 5"
2,25,2,men 25-29 200 SC Meter freestyle,"Gonzalez, Daniel",27,1999,NÑ unñoa Master,5,"2:27,00",147000,"2:31,54",151540,valid,"5 Gonzalez, Daniel 27 NÑ unñoa Master 2:27.00 2:31.54 4"
2,26,2,men 25-29 200 SC Meter freestyle,"Meneses, Felipe",27,1999,Pedro Aguirre Cerda,6,"2:42,20",162200,"2:41,09",161090,valid,"6 Meneses, Felipe 27 Pedro Aguirre Cerda 2:42.20 2:41.09 3"
2,27,2,men 25-29 200 SC Meter freestyle,"Robledo, Mariano",26,2000,Club Sparta A.C.,7,"2:46,59",166590,"2:45,95",165950,valid,"7 Robledo, Mariano 26 Club Sparta A.C. 2:46.59 2:45.95 2"
2,28,2,men 25-29 200 SC Meter freestyle,"Bustos Bastias, Brian Gabriel",28,1998,Club Sparta A.C.,8,"2:59,36",179360,"2:50,33",170330,valid,"8 Bustos Bastias, Brian Gabriel 28 Club Sparta A.C. 2:59.36 2:50.33 1"
2,29,2,men 25-29 200 SC Meter freestyle,"Perez, Maximiliano",28,1998,Agua Plena San Rafael,9,"3:27,00",207000,"3:09,15",189150,valid,"9 Perez, Maximiliano 28 Agua Plena San Rafael 3:27.00 3:09.15"
2,31,2,men 30-34 200 SC Meter freestyle,"Mugnani Valero, Luciano",32,1994,Andes Talleres,1,"2:30,00",150000,"2:22,73",142730,valid,"1 Mugnani Valero, Luciano 32 Andes Talleres 2:30.00 2:22.73 9"
2,32,2,men 30-34 200 SC Meter freestyle,"Mallea, Abdo",33,1993,Club Sparta A.C.,2,"2:41,38",161380,"2:36,80",156800,valid,"2 Mallea, Abdo 33 Club Sparta A.C. 2:41.38 2:36.80 7"
2,33,2,men 30-34 200 SC Meter freestyle,"Castro, Alexis",34,1992,Master Providencia Chile,3,"2:47,98",167980,"2:40,00",160000,valid,"3 Castro, Alexis 34 Master Providencia Chile 2:47.98 2:40.00 6"
2,34,2,men 30-34 200 SC Meter freestyle,"Ventura, Maxi",32,1994,Club Azul Natacion Mendoza,4,"3:10,00",190000,"2:43,05",163050,valid,"4 Ventura, Maxi 32 Club Azul Natacion Mendoza 3:10.00 2:43.05 5"
2,35,2,men 30-34 200 SC Meter freestyle,"Alcaraz, Matias",33,1993,Club Sparta A.C.,5,"3:10,35",190350,"2:48,65",168650,valid,"5 Alcaraz, Matias 33 Club Sparta A.C. 3:10.35 2:48.65 4"
2,36,2,men 30-34 200 SC Meter freestyle,"Maldonado, Nicolas",31,1995,Agua Plena San Rafael,6,"3:42,00",222000,"3:12,24",192240,valid,"6 Maldonado, Nicolas 31 Agua Plena San Rafael 3:42.00 3:12.24 3"
2,37,2,men 30-34 200 SC Meter freestyle,"Romero, Gonzalo",33,1993,Club Sparta A.C.,7,"3:23,34",203340,"3:14,33",194330,valid,"7 Romero, Gonzalo 33 Club Sparta A.C. 3:23.34 3:14.33 2"
2,38,2,men 30-34 200 SC Meter freestyle,"Lelio, Leandro",30,1996,Club Sparta A.C.,8,"3:30,21",210210,"3:19,97",199970,valid,"8 Lelio, Leandro 30 Club Sparta A.C. 3:30.21 3:19.97 1"
2,39,2,men 30-34 200 SC Meter freestyle,"Degiorgi, Emiliano",34,1992,Club Sparta A.C.,9,"3:49,12",229120,"3:36,89",216890,valid,"9 Degiorgi, Emiliano 34 Club Sparta A.C. 3:49.12 3:36.89"
2,40,2,men 30-34 200 SC Meter freestyle,"Magnenat, Javier",34,1992,Agua Plena San Rafael,,"3:30,00",210000,DNF,,dnf,"--- Magnenat, Javier 34 Agua Plena San Rafael 3:30.00 DNF"
2,41,2,men 30-34 200 SC Meter freestyle,"Ortega, Atilio",32,1994,Club Sparta A.C.,,"2:42,30",162300,DNF,,dnf,"--- Ortega, Atilio 32 Club Sparta A.C. 2:42.30 DNF"
2,43,2,men 35-39 200 SC Meter freestyle,"Alchapar, Oscar Alejandro",35,1991,Club Sparta A.C.,1,"2:27,43",147430,"2:26,20",146200,valid,"1 Alchapar, Oscar Alejandro 35 Club Sparta A.C. 2:27.43 2:26.20 9"
2,44,2,men 35-39 200 SC Meter freestyle,"Castro, Javier",35,1991,Club Sparta A.C.,2,"2:32,17",152170,"2:34,60",154600,valid,"2 Castro, Javier 35 Club Sparta A.C. 2:32.17 2:34.60 7"
2,45,2,men 35-39 200 SC Meter freestyle,"Mansilla, Juan",35,1991,Club Sparta A.C.,3,"2:34,94",154940,"2:39,70",159700,valid,"3 Mansilla, Juan 35 Club Sparta A.C. 2:34.94 2:39.70 6"
2,46,2,men 35-39 200 SC Meter freestyle,"Rubin, Fernando",39,1987,Club DE Natacion Atlantis,4,"3:05,00",185000,"2:53,39",173390,valid,"4 Rubin, Fernando 39 Club DE Natacion Atlantis 3:05.00 2:53.39 5"
2,47,2,men 35-39 200 SC Meter freestyle,"Aguilera, Juan Carlos",37,1989,Master Providencia Chile,5,"3:31,91",211910,"3:13,70",193700,valid,"5 Aguilera, Juan Carlos 37 Master Providencia Chile 3:31.91 3:13.70 4"
2,48,2,men 35-39 200 SC Meter freestyle,"Barreto, Yuhneyber",39,1987,Pedro Aguirre Cerda,6,"3:20,00",200000,"3:33,64",213640,valid,"6 Barreto, Yuhneyber 39 Pedro Aguirre Cerda 3:20.00 3:33.64 3"
2,49,2,men 35-39 200 SC Meter freestyle,"Yanzon, Matias",39,1987,Club Sparta A.C.,7,"3:25,41",205410,"3:36,56",216560,valid,"7 Yanzon, Matias 39 Club Sparta A.C. 3:25.41 3:36.56 2"
2,50,2,men 35-39 200 SC Meter freestyle,"Rodriguez, Alberto",36,1990,Club Sparta A.C.,,"4:45,12",285120,DQ,,dsq,"--- Rodriguez, Alberto 36 Club Sparta A.C. 4:45.12 DQ"
2,51,2,men 35-39 200 SC Meter freestyle,"Nievas, Emmanuel",35,1991,Club Sparta A.C.,,"3:00,11",180110,DNF,,dnf,"--- Nievas, Emmanuel 35 Club Sparta A.C. 3:00.11 DNF"
3,5,2,men 40-44 200 SC Meter freestyle,"Azevedo, Marcio",44,1982,Club Sparta A.C.,1,"2:34,30",154300,"2:29,72",149720,valid,"1 Azevedo, Marcio 44 Club Sparta A.C. 2:34.30 2:29.72 9"
3,6,2,men 40-44 200 SC Meter freestyle,"Turela, Marcos",40,1986,Andes Talleres,2,"2:45,22",165220,"2:47,07",167070,valid,"2 Turela, Marcos 40 Andes Talleres 2:45.22 2:47.07 7"
3,7,2,men 40-44 200 SC Meter freestyle,"Martin, Leonardo",44,1982,Andes Talleres,3,"2:45,00",165000,"2:50,93",170930,valid,"3 Martin, Leonardo 44 Andes Talleres 2:45.00 2:50.93 6"
3,8,2,men 40-44 200 SC Meter freestyle,"Munñoz, Carlos",42,1984,Club Dep Master Magallanes,4,"3:00,00",180000,"2:57,83",177830,valid,"4 Munñoz, Carlos 42 Club Dep Master Magallanes 3:00.00 2:57.83 5"
3,9,2,men 40-44 200 SC Meter freestyle,"Maron, Horacio",44,1982,Club Sparta A.C.,5,"3:06,79",186790,"3:10,53",190530,valid,"5 Maron, Horacio 44 Club Sparta A.C. 3:06.79 3:10.53 4"
3,10,2,men 40-44 200 SC Meter freestyle,"Maza, Carlos",40,1986,Club Sparta A.C.,6,"3:05,24",185240,"3:22,46",202460,valid,"6 Maza, Carlos 40 Club Sparta A.C. 3:05.24 3:22.46 3"
3,11,2,men 40-44 200 SC Meter freestyle,"Escudero, Daniel",40,1986,Club Sparta A.C.,7,"3:46,55",226550,"3:37,01",217010,valid,"7 Escudero, Daniel 40 Club Sparta A.C. 3:46.55 3:37.01 2"
3,12,2,men 40-44 200 SC Meter freestyle,"Romero, Christian",42,1984,NÑ unñoa Master,,"3:13,94",193940,DNF,,dnf,"--- Romero, Christian 42 NÑ unñoa Master 3:13.94 DNF"
3,14,2,men 45-49 200 SC Meter freestyle,"Profili, Osvaldo L",47,1979,Club Sparta A.C.,1,"2:52,56",172560,"2:42,61",162610,valid,"1 Profili, Osvaldo L 47 Club Sparta A.C. 2:52.56 2:42.61 9"
3,15,2,men 45-49 200 SC Meter freestyle,"Catelino, Daniel",49,1977,Andes Talleres,2,"3:20,00",200000,"3:15,66",195660,valid,"2 Catelino, Daniel 49 Andes Talleres 3:20.00 3:15.66 7"
3,17,2,men 50-54 200 SC Meter freestyle,"Boreto, Federico",50,1976,Andes Talleres,1,"2:35,00",155000,"2:34,28",154280,valid,"1 Boreto, Federico 50 Andes Talleres 2:35.00 2:34.28 9"
3,18,2,men 50-54 200 SC Meter freestyle,"Catalan, Marcelo",52,1974,Master Providencia Chile,2,"2:50,00",170000,"2:44,94",164940,valid,"2 Catalan, Marcelo 52 Master Providencia Chile 2:50.00 2:44.94 7"
3,19,2,men 50-54 200 SC Meter freestyle,"Lucero, Gaston",50,1976,Club Sparta A.C.,3,"2:49,32",169320,"2:47,09",167090,valid,"3 Lucero, Gaston 50 Club Sparta A.C. 2:49.32 2:47.09 6"
3,20,2,men 50-54 200 SC Meter freestyle,"Henrííquez, Pablo",54,1972,Andes Talleres,4,"3:35,00",215000,"3:19,26",199260,valid,"4 Henrííquez, Pablo 54 Andes Talleres 3:35.00 3:19.26 5"
3,21,2,men 50-54 200 SC Meter freestyle,"Sosa, Carlos",50,1976,Aquaclub Maipu,5,"3:36,42",216420,"3:28,62",208620,valid,"5 Sosa, Carlos 50 Aquaclub Maipu 3:36.42 3:28.62 4"
3,22,2,men 50-54 200 SC Meter freestyle,"Cabrera, Hernan",53,1973,Club Sparta A.C.,6,"4:01,32",241320,"3:52,45",232450,valid,"6 Cabrera, Hernan 53 Club Sparta A.C. 4:01.32 3:52.45 3"
3,23,2,men 50-54 200 SC Meter freestyle,"Medina, Carlos",53,1973,Master Providencia Chile,7,"6:00,00",360000,"6:29,99",389990,valid,"7 Medina, Carlos 53 Master Providencia Chile 6:00.00 6:29.99 2"
3,25,2,men 55-59 200 SC Meter freestyle,"Figueroa, Miguel",59,1967,Club Azul Natacion Mendoza,1,"3:39,65",219650,"3:43,99",223990,valid,"1 Figueroa, Miguel 59 Club Azul Natacion Mendoza 3:39.65 3:43.99 9"
3,26,2,men 55-59 200 SC Meter freestyle,"Velazquez, Orlando",56,1970,Aquaclub Maipu,2,"4:38,07",278070,"4:28,41",268410,valid,"2 Velazquez, Orlando 56 Aquaclub Maipu 4:38.07 4:28.41 7"
3,28,2,men 60-64 200 SC Meter freestyle,"Oliva, Ricardo",61,1965,Club Sparta A.C.,1,"3:45,87",225870,"3:33,39",213390,valid,"1 Oliva, Ricardo 61 Club Sparta A.C. 3:45.87 3:33.39 9"
3,29,2,men 60-64 200 SC Meter freestyle,"Vargas, Jose Luis",60,1966,Golden,2,"3:30,00",210000,"4:10,21",250210,valid,"2 Vargas, Jose Luis 60 Golden 3:30.00 4:10.21 7"
3,31,2,men 65-69 200 SC Meter freestyle,"Domina, Ricardo",67,1959,Club Sparta A.C.,1,"2:54,29",174290,"3:19,08",199080,valid,"1 Domina, Ricardo 67 Club Sparta A.C. 2:54.29 3:19.08 9"
3,32,2,men 65-69 200 SC Meter freestyle,"Cabello, Jorge",68,1958,Penñalolen Master,2,"4:00,00",240000,"3:26,06",206060,valid,"2 Cabello, Jorge 68 Penñalolen Master 4:00.00 3:26.06 7"
3,33,2,men 65-69 200 SC Meter freestyle,"Aguirre, Miguel",68,1958,Agua Plena San Rafael,3,"4:53,00",293000,"3:41,41",221410,valid,"3 Aguirre, Miguel 68 Agua Plena San Rafael 4:53.00 3:41.41 6"
3,34,2,men 65-69 200 SC Meter freestyle,"Moreno, Luis",68,1958,NÑ unñoa Master,4,"5:55,40",355400,"4:42,42",282420,valid,"4 Moreno, Luis 68 NÑ unñoa Master 5:55.40 4:42.42 5"
3,36,2,men 70-74 200 SC Meter freestyle,"Alvarez, Ricardo",73,1953,NÑ unñoa Master,1,"4:24,50",264500,"4:40,88",280880,valid,"1 Alvarez, Ricardo 73 NÑ unñoa Master 4:24.50 4:40.88 9"
3,38,3,women 19 & Under 100 SC Meter butterfly,"Chertcoff, Victoria",18,2008,Agua Plena San Rafael,1,"1:50,00",110000,"1:36,26",96260,valid,"1 Chertcoff, Victoria 18 Agua Plena San Rafael 1:50.00 1:36.26 9"
3,40,3,women 20-24 100 SC Meter butterfly,"Muchut Moyano, Rocíío Alumine í",24,2002,Club Sparta A.C.,1,"1:20,89",80890,"1:19,57",79570,valid,"1 Muchut Moyano, Rocíío Alumine í 24 Club Sparta A.C. 1:20.89 1:19.57 9"
3,41,3,women 20-24 100 SC Meter butterfly,"Vidal, Pierina",21,2005,Club Sparta A.C.,2,"1:30,36",90360,"1:26,74",86740,valid,"2 Vidal, Pierina 21 Club Sparta A.C. 1:30.36 1:26.74 7"
3,43,3,women 25-29 100 SC Meter butterfly,"Castro A, Paula A",26,2000,Pedro Aguirre Cerda,1,"1:30,00",90000,"1:20,36",80360,valid,"1 Castro A, Paula A 26 Pedro Aguirre Cerda 1:30.00 1:20.36 9"
3,44,3,women 25-29 100 SC Meter butterfly,"Dave, Gisela",28,1998,Aquaclub Maipu,2,"1:29,47",89470,"1:24,22",84220,valid,"2 Dave, Gisela 28 Aquaclub Maipu 1:29.47 1:24.22 7"
3,45,3,women 25-29 100 SC Meter butterfly,"Arce, Aisha",28,1998,Club Sparta A.C.,3,"1:45,49",105490,"1:42,57",102570,valid,"3 Arce, Aisha 28 Club Sparta A.C. 1:45.49 1:42.57 6"
3,47,3,women 30-34 100 SC Meter butterfly,"Loípez, Diane",30,1996,Pedro Aguirre Cerda,1,"1:35,00",95000,"1:40,30",100300,valid,"1 Loípez, Diane 30 Pedro Aguirre Cerda 1:35.00 1:40.30 9"
3,48,3,women 30-34 100 SC Meter butterfly,"Zapata, Rocio Nicole",31,1995,Club DE Natacion Atlantis,2,"1:50,00",110000,"1:47,36",107360,valid,"2 Zapata, Rocio Nicole 31 Club DE Natacion Atlantis 1:50.00 1:47.36 7"
4,5,3,women 35-39 100 SC Meter butterfly,"Fravega, Julieta",39,1987,Club Sparta A.C.,1,"2:02,95",122950,"2:02,61",122610,valid,"1 Fravega, Julieta 39 Club Sparta A.C. 2:02.95 2:02.61 9"
4,7,3,women 40-44 100 SC Meter butterfly,"Cabeza, Maria Belen",40,1986,Andes Talleres,1,"1:21,32",81320,"1:18,66",78660,valid,"1 Cabeza, Maria Belen 40 Andes Talleres 1:21.32 1:18.66 9"
4,9,3,women 45-49 100 SC Meter butterfly,"Gonzalez, Maria",47,1979,Club Sparta A.C.,1,"2:12,17",132170,"1:51,40",111400,valid,"1 Gonzalez, Maria 47 Club Sparta A.C. 2:12.17 1:51.40 6"
4,10,3,women 45-49 100 SC Meter butterfly,"Gestoso Fraga, Maria Soledad",46,1980,Andes Talleres,2,"1:56,91",116910,"1:56,51",116510,valid,"2 Gestoso Fraga, Maria Soledad 46 Andes Talleres 1:56.91 1:56.51 9"
4,11,3,women 45-49 100 SC Meter butterfly,"Guadalupe, Cynthia",45,1981,Master Providencia Chile,3,"1:45,00",105000,"1:57,06",117060,valid,"3 Guadalupe, Cynthia 45 Master Providencia Chile 1:45.00 1:57.06 7"
4,13,3,women 50-54 100 SC Meter butterfly,"Tapia, Julieta",51,1975,Master Providencia Chile,1,"2:10,00",130000,"2:02,81",122810,valid,"1 Tapia, Julieta 51 Master Providencia Chile 2:10.00 2:02.81 9"
4,15,3,women 60-64 100 SC Meter butterfly,"Case, Cynthia",64,1962,Master Providencia Chile,1,"1:36,24",96240,"1:36,95",96950,valid,"1 Case, Cynthia 64 Master Providencia Chile 1:36.24 1:36.95 9"
4,17,3,women 65-69 100 SC Meter butterfly,"Concha, Elizabeth",68,1958,NÑ unñoa Master,1,"3:12,00",192000,"2:57,73",177730,valid,"1 Concha, Elizabeth 68 NÑ unñoa Master 3:12.00 2:57.73 9"
4,19,3,women 70-74 100 SC Meter butterfly,"Obredor, Rosa",74,1952,Aquaclub Maipu,1,"3:03,59",183590,"1:38,31",98310,valid,"1 Obredor, Rosa 74 Aquaclub Maipu 3:03.59 1:38.31 9"
4,20,3,women 70-74 100 SC Meter butterfly,"Ruiz, Alicia",70,1956,Andes Talleres,2,"3:16,19",196190,"3:09,30",189300,valid,"2 Ruiz, Alicia 70 Andes Talleres 3:16.19 3:09.30 7"
4,22,4,men 19 & Under 100 SC Meter butterfly,"Gonzalez, Nicolas Agustíín",19,2007,Andes Talleres,1,"1:09,44",69440,"1:08,38",68380,valid,"1 Gonzalez, Nicolas Agustíín 19 Andes Talleres 1:09.44 1:08.38 9"
4,23,4,men 19 & Under 100 SC Meter butterfly,"Rodriguez, Joaquin",19,2007,Agua Plena San Rafael,2,"1:54,00",114000,"1:41,82",101820,valid,"2 Rodriguez, Joaquin 19 Agua Plena San Rafael 1:54.00 1:41.82 7"
4,25,4,men 20-24 100 SC Meter butterfly,"Galetto, Valentino",22,2004,Club Sparta A.C.,1,"1:08,66",68660,"1:05,13",65130,valid,"1 Galetto, Valentino 22 Club Sparta A.C. 1:08.66 1:05.13 9"
4,26,4,men 20-24 100 SC Meter butterfly,"Gonzalez, Franco",23,2003,Andes Talleres,2,"1:14,52",74520,"1:18,38",78380,valid,"2 Gonzalez, Franco 23 Andes Talleres 1:14.52 1:18.38 7"
4,27,4,men 20-24 100 SC Meter butterfly,"Martinez, Julio",21,2005,Andes Talleres,3,"1:30,00",90000,"1:27,32",87320,valid,"3 Martinez, Julio 21 Andes Talleres 1:30.00 1:27.32 6"
4,28,4,men 20-24 100 SC Meter butterfly,"Chacoín, Manuel",20,2006,Club Sparta A.C.,4,"1:39,21",99210,"1:33,77",93770,valid,"4 Chacoín, Manuel 20 Club Sparta A.C. 1:39.21 1:33.77 5"
4,29,4,men 20-24 100 SC Meter butterfly,"Rivas, Leo",24,2002,Club Azul Natacion Mendoza,5,"1:27,30",87300,"1:49,90",109900,valid,"5 Rivas, Leo 24 Club Azul Natacion Mendoza 1:27.30 1:49.90 4"
4,31,4,men 25-29 100 SC Meter butterfly,"Vollmer, Matias A",28,1998,Andes Talleres,1,"1:05,95",65950,"1:05,85",65850,valid,"1 Vollmer, Matias A 28 Andes Talleres 1:05.95 1:05.85 9"
4,32,4,men 25-29 100 SC Meter butterfly,"Moreno, Julian",29,1997,Aquaclub Maipu,2,"1:29,00",89000,"1:22,05",82050,valid,"2 Moreno, Julian 29 Aquaclub Maipu 1:29.00 1:22.05 7"
4,33,4,men 25-29 100 SC Meter butterfly,"Gonzalez, Daniel",27,1999,NÑ unñoa Master,3,"1:24,00",84000,"1:22,40",82400,valid,"3 Gonzalez, Daniel 27 NÑ unñoa Master 1:24.00 1:22.40 6"
4,34,4,men 25-29 100 SC Meter butterfly,"Bustos Bastias, Brian Gabriel",28,1998,Club Sparta A.C.,4,"1:42,35",102350,"1:35,25",95250,valid,"4 Bustos Bastias, Brian Gabriel 28 Club Sparta A.C. 1:42.35 1:35.25 5"
4,35,4,men 25-29 100 SC Meter butterfly,"Ventura, Marcos",27,1999,Club Sparta A.C.,5,"1:27,67",87670,"1:39,30",99300,valid,"5 Ventura, Marcos 27 Club Sparta A.C. 1:27.67 1:39.30 4"
4,36,4,men 25-29 100 SC Meter butterfly,"Perez, Maximiliano",28,1998,Agua Plena San Rafael,6,"1:52,00",112000,"1:41,77",101770,valid,"6 Perez, Maximiliano 28 Agua Plena San Rafael 1:52.00 1:41.77 3"
4,37,4,men 25-29 100 SC Meter butterfly,"Bolanños, Kleiber",29,1997,Pedro Aguirre Cerda,7,"2:00,00",120000,"2:03,66",123660,valid,"7 Bolanños, Kleiber 29 Pedro Aguirre Cerda 2:00.00 2:03.66 2"
4,39,4,men 30-34 100 SC Meter butterfly,"Parra SM, Nicolaís",31,1995,Pedro Aguirre Cerda,1,"1:19,00",79000,"1:15,41",75410,valid,"1 Parra SM, Nicolaís 31 Pedro Aguirre Cerda 1:19.00 1:15.41 9"
4,40,4,men 30-34 100 SC Meter butterfly,"Becerra A., Martíín",30,1996,Pedro Aguirre Cerda,2,"1:24,30",84300,"1:16,97",76970,valid,"2 Becerra A., Martíín 30 Pedro Aguirre Cerda 1:24.30 1:16.97 7"
4,41,4,men 30-34 100 SC Meter butterfly,"Morales, Jesus",33,1993,Club Sparta A.C.,3,"1:42,39",102390,"1:28,41",88410,valid,"3 Morales, Jesus 33 Club Sparta A.C. 1:42.39 1:28.41 6"
4,42,4,men 30-34 100 SC Meter butterfly,"Castro, Alexis",34,1992,Master Providencia Chile,4,"1:27,25",87250,"1:31,16",91160,valid,"4 Castro, Alexis 34 Master Providencia Chile 1:27.25 1:31.16 5"
4,43,4,men 30-34 100 SC Meter butterfly,"Alcaraz, Matias",33,1993,Club Sparta A.C.,5,"1:43,38",103380,"1:31,17",91170,valid,"5 Alcaraz, Matias 33 Club Sparta A.C. 1:43.38 1:31.17 4"
4,45,4,men 35-39 100 SC Meter butterfly,"Celaya, Ariel",36,1990,Aquaclub Maipu,1,"1:17,24",77240,"1:20,10",80100,valid,"1 Celaya, Ariel 36 Aquaclub Maipu 1:17.24 1:20.10 9"
4,46,4,men 35-39 100 SC Meter butterfly,"Castro, Javier",35,1991,Club Sparta A.C.,2,"1:24,92",84920,"1:29,60",89600,valid,"2 Castro, Javier 35 Club Sparta A.C. 1:24.92 1:29.60 7"
4,47,4,men 35-39 100 SC Meter butterfly,"Aguilera, Juan Carlos",37,1989,Master Providencia Chile,3,"1:43,00",103000,"1:43,81",103810,valid,"3 Aguilera, Juan Carlos 37 Master Providencia Chile 1:43.00 1:43.81 6"
4,49,4,men 40-44 100 SC Meter butterfly,"Peralta, Leonardo",43,1983,Aquaclub Maipu,1,"1:16,86",76860,"1:12,98",72980,valid,"1 Peralta, Leonardo 43 Aquaclub Maipu 1:16.86 1:12.98 9"
5,5,4,men 40-44 100 SC Meter butterfly,"Castilla, Emiliano",43,1983,Andes Talleres,2,"1:30,00",90000,"1:25,39",85390,valid,"2 Castilla, Emiliano 43 Andes Talleres 1:30.00 1:25.39 7"
5,6,4,men 40-44 100 SC Meter butterfly,"Turela, Marcos",40,1986,Andes Talleres,3,"1:30,00",90000,"1:28,31",88310,valid,"3 Turela, Marcos 40 Andes Talleres 1:30.00 1:28.31 6"
5,8,4,men 45-49 100 SC Meter butterfly,"Roman, Nestor M",47,1979,Club Sparta A.C.,1,"1:36,29",96290,"1:39,33",99330,valid,"1 Roman, Nestor M 47 Club Sparta A.C. 1:36.29 1:39.33 9"
5,10,4,men 50-54 100 SC Meter butterfly,"Lucero, Gaston",50,1976,Club Sparta A.C.,1,"1:49,11",109110,"1:30,57",90570,valid,"1 Lucero, Gaston 50 Club Sparta A.C. 1:49.11 1:30.57 9"
5,12,4,men 55-59 100 SC Meter butterfly,"Velazquez, Orlando",56,1970,Aquaclub Maipu,1,"2:50,00",170000,"1:51,40",111400,valid,"1 Velazquez, Orlando 56 Aquaclub Maipu 2:50.00 1:51.40 9"
5,14,4,men 60-64 100 SC Meter butterfly,"Oliva, Ricardo",61,1965,Club Sparta A.C.,1,"1:55,29",115290,"2:03,74",123740,valid,"1 Oliva, Ricardo 61 Club Sparta A.C. 1:55.29 2:03.74 9"
5,15,4,men 60-64 100 SC Meter butterfly,"Pavoni, Ricardo O",63,1963,Andes Talleres,2,"2:01,25",121250,"2:10,02",130020,valid,"2 Pavoni, Ricardo O 63 Andes Talleres 2:01.25 2:10.02 7"
5,17,4,men 65-69 100 SC Meter butterfly,"Lucero, Carlos A",66,1960,Area Club San Luis,1,"1:52,59",112590,"1:53,19",113190,valid,"1 Lucero, Carlos A 66 Area Club San Luis 1:52.59 1:53.19 9"
5,19,5,women 19 & Under 50 SC Meter backstroke,"Chertcoff, Victoria",18,2008,Agua Plena San Rafael,1,"43,00",43000,"41,72",41720,valid,"1 Chertcoff, Victoria 18 Agua Plena San Rafael 43.00 41.72 9"
5,21,5,women 20-24 50 SC Meter backstroke,"Vidal, Pierina",21,2005,Club Sparta A.C.,1,"40,97",40970,"40,00",40000,valid,"1 Vidal, Pierina 21 Club Sparta A.C. 40.97 40.00 9"
5,22,5,women 20-24 50 SC Meter backstroke,"Guinñazu, Selene",20,2006,Aquaclub Maipu,2,"43,92",43920,"43,91",43910,valid,"2 Guinñazu, Selene 20 Aquaclub Maipu 43.92 43.91 7"
5,24,5,women 25-29 50 SC Meter backstroke,"Pavio Civit, Natalia",26,2000,Club Sparta A.C.,1,"33,99",33990,"33,40",33400,valid,"1 Pavio Civit, Natalia 26 Club Sparta A.C. 33.99 33.40 9"
5,25,5,women 25-29 50 SC Meter backstroke,"Castro A, Paula A",26,2000,Pedro Aguirre Cerda,2,"40,70",40700,"37,38",37380,valid,"2 Castro A, Paula A 26 Pedro Aguirre Cerda 40.70 37.38 7"
5,26,5,women 25-29 50 SC Meter backstroke,"Dave, Gisela",28,1998,Aquaclub Maipu,3,"39,01",39010,"39,99",39990,valid,"3 Dave, Gisela 28 Aquaclub Maipu 39.01 39.99 6"
5,27,5,women 25-29 50 SC Meter backstroke,"Aguilera, Ayelen",27,1999,Club Azul Natacion Mendoza,4,"54,15",54150,"53,61",53610,valid,"4 Aguilera, Ayelen 27 Club Azul Natacion Mendoza 54.15 53.61 5"
5,29,5,women 30-34 50 SC Meter backstroke,"Mauad, Yamile",30,1996,Club Sparta A.C.,1,"41,42",41420,"38,20",38200,valid,"1 Mauad, Yamile 30 Club Sparta A.C. 41.42 38.20 9"
5,30,5,women 30-34 50 SC Meter backstroke,"Loípez, Diane",30,1996,Pedro Aguirre Cerda,2,"42,00",42000,"46,02",46020,valid,"2 Loípez, Diane 30 Pedro Aguirre Cerda 42.00 46.02 7"
5,31,5,women 30-34 50 SC Meter backstroke,"Zapata, Rocio Nicole",31,1995,Club DE Natacion Atlantis,3,"47,00",47000,"49,14",49140,valid,"3 Zapata, Rocio Nicole 31 Club DE Natacion Atlantis 47.00 49.14 6"
5,32,5,women 30-34 50 SC Meter backstroke,"Osuna, Daiana Esther",33,1993,Agua Plena San Rafael,4,"53,00",53000,"56,28",56280,valid,"4 Osuna, Daiana Esther 33 Agua Plena San Rafael 53.00 56.28 5"
5,33,5,women 30-34 50 SC Meter backstroke,"Revello, Michelle",31,1995,Pedro Aguirre Cerda,5,"58,09",58090,"1:00,44",60440,valid,"5 Revello, Michelle 31 Pedro Aguirre Cerda 58.09 1:00.44 4"
5,35,5,women 35-39 50 SC Meter backstroke,"Martin, Anita",38,1988,Andes Talleres,1,"41,02",41020,"40,75",40750,valid,"1 Martin, Anita 38 Andes Talleres 41.02 40.75 9"
5,36,5,women 35-39 50 SC Meter backstroke,"Cabello, Romina",36,1990,Club DE Natacion Atlantis,2,"1:04,00",64000,"1:00,54",60540,valid,"2 Cabello, Romina 36 Club DE Natacion Atlantis 1:04.00 1:00.54 7"
5,38,5,women 40-44 50 SC Meter backstroke,"Rodriguez, Diana",41,1985,NÑ unñoa Master,1,"42,00",42000,"39,86",39860,valid,"1 Rodriguez, Diana 41 NÑ unñoa Master 42.00 39.86 9"
5,39,5,women 40-44 50 SC Meter backstroke,"Espinosa, Analia L",41,1985,Club DE Natacion Atlantis,2,"46,42",46420,"45,35",45350,valid,"2 Espinosa, Analia L 41 Club DE Natacion Atlantis 46.42 45.35 7"
5,40,5,women 40-44 50 SC Meter backstroke,"Bisson, Natali",40,1986,Andes Talleres,3,"47,83",47830,"46,93",46930,valid,"3 Bisson, Natali 40 Andes Talleres 47.83 46.93 6"
5,41,5,women 40-44 50 SC Meter backstroke,"Carmona, Maria Angeles",44,1982,Club DE Natacion Atlantis,4,"1:10,00",70000,"1:05,27",65270,valid,"4 Carmona, Maria Angeles 44 Club DE Natacion Atlantis 1:10.00 1:05.27 5"
5,43,5,women 45-49 50 SC Meter backstroke,"Arriola, Silvia",45,1981,Aquaclub Maipu,1,"37,04",37040,"39,97",39970,valid,"1 Arriola, Silvia 45 Aquaclub Maipu 37.04 39.97 9"
5,44,5,women 45-49 50 SC Meter backstroke,"Gauna, Noe",45,1981,Club Azul Natacion Mendoza,2,"56,30",56300,"1:01,00",61000,valid,"2 Gauna, Noe 45 Club Azul Natacion Mendoza 56.30 1:01.00 7"
5,46,5,women 55-59 50 SC Meter backstroke,"Dable, Marie Claire",57,1969,Master Providencia Chile,1,"50,78",50780,"48,33",48330,valid,"1 Dable, Marie Claire 57 Master Providencia Chile 50.78 48.33 9"
5,47,5,women 55-59 50 SC Meter backstroke,"Amaro, Maria",56,1970,Pedro Aguirre Cerda,2,"1:25,00",85000,"1:24,84",84840,valid,"2 Amaro, Maria 56 Pedro Aguirre Cerda 1:25.00 1:24.84 7"
6,5,5,women 60-64 50 SC Meter backstroke,"Moyano, Claudia",60,1966,Club Sparta A.C.,1,"47,52",47520,"44,32",44320,valid,"1 Moyano, Claudia 60 Club Sparta A.C. 47.52 44.32 9"
6,6,5,women 60-64 50 SC Meter backstroke,"Acencio, Claudia",63,1963,Master Providencia Chile,2,"49,91",49910,"49,53",49530,valid,"2 Acencio, Claudia 63 Master Providencia Chile 49.91 49.53 7"
6,7,5,women 60-64 50 SC Meter backstroke,"DI Paola, Laura",61,1965,Club Sparta A.C.,3,"58,46",58460,"58,11",58110,valid,"3 DI Paola, Laura 61 Club Sparta A.C. 58.46 58.11 6"
6,8,5,women 60-64 50 SC Meter backstroke,"Reyes L, Ma Irene",62,1964,Pedro Aguirre Cerda,4,"1:02,20",62200,"1:03,35",63350,valid,"4 Reyes L, Ma Irene 62 Pedro Aguirre Cerda 1:02.20 1:03.35 5"
6,9,5,women 60-64 50 SC Meter backstroke,"Lopez, Elena",64,1962,Club Sparta A.C.,5,"1:26,56",86560,"1:13,58",73580,valid,"5 Lopez, Elena 64 Club Sparta A.C. 1:26.56 1:13.58 4"
6,10,5,women 60-64 50 SC Meter backstroke,"Richardi, Marisa",64,1962,Andes Talleres,6,"1:17,27",77270,"1:28,60",88600,valid,"6 Richardi, Marisa 64 Andes Talleres 1:17.27 1:28.60 3"
6,12,5,women 70-74 50 SC Meter backstroke,"Obredor, Rosa",74,1952,Aquaclub Maipu,1,"1:09,01",69010,"1:15,31",75310,valid,"1 Obredor, Rosa 74 Aquaclub Maipu 1:09.01 1:15.31 9"
6,13,5,women 70-74 50 SC Meter backstroke,"Lusso, Berta",73,1953,Andes Talleres,2,"1:38,20",98200,"1:22,48",82480,valid,"2 Lusso, Berta 73 Andes Talleres 1:38.20 1:22.48 7"
6,15,5,women 75-79 50 SC Meter backstroke,"Nunñez, Elizabeth",77,1949,Master Providencia Chile,1,"1:07,05",67050,"1:09,61",69610,valid,"1 Nunñez, Elizabeth 77 Master Providencia Chile 1:07.05 1:09.61 9"
6,17,5,women 90-94 50 SC Meter backstroke,"Bush, Eliana",92,1934,Delfines DE Las Condes,1,NT,,"1:06,02",66020,valid,"1 Bush, Eliana 92 Delfines DE Las Condes NT 1:06.02 9"
6,19,6,men 19 & Under 50 SC Meter backstroke,"Benegas, Laureano",17,2009,Andes Talleres,1,"33,38",33380,"31,57",31570,valid,"1 Benegas, Laureano 17 Andes Talleres 33.38 31.57 9"
6,21,6,men 20-24 50 SC Meter backstroke,"Gimenez DE Michilis, Tobias",24,2002,Club Sparta A.C.,1,"33,52",33520,"33,41",33410,valid,"1 Gimenez DE Michilis, Tobias 24 Club Sparta A.C. 33.52 33.41 9"
6,22,6,men 20-24 50 SC Meter backstroke,"Flores, Joseí Luis",20,2006,Pedro Aguirre Cerda,2,"37,30",37300,"36,54",36540,valid,"2 Flores, Joseí Luis 20 Pedro Aguirre Cerda 37.30 36.54 7"
6,23,6,men 20-24 50 SC Meter backstroke,"Zapata Esquivel, Tomas Benjamin F.",24,2002,Aquaclub Maipu,3,"42,43",42430,"40,26",40260,valid,"3 Zapata Esquivel, Tomas Benjamin F. 24 Aquaclub Maipu 42.43 40.26 6"
6,24,6,men 20-24 50 SC Meter backstroke,"Caro, Martíín",20,2006,Pedro Aguirre Cerda,4,"43,94",43940,"41,49",41490,valid,"4 Caro, Martíín 20 Pedro Aguirre Cerda 43.94 41.49 5"
6,25,6,men 20-24 50 SC Meter backstroke,"Trilla, Ignacio",21,2005,Club Azul Natacion Mendoza,,"44,25",44250,DNF,,dnf,"--- Trilla, Ignacio 21 Club Azul Natacion Mendoza 44.25 DNF"
6,26,6,men 20-24 50 SC Meter backstroke,"Rivas, Leo",24,2002,Club Azul Natacion Mendoza,,"37,77",37770,DNF,,dnf,"--- Rivas, Leo 24 Club Azul Natacion Mendoza 37.77 DNF"
6,28,6,men 25-29 50 SC Meter backstroke,"Ferro, Bruno A",26,2000,Club Sparta A.C.,1,"31,42",31420,"31,29",31290,valid,"1 Ferro, Bruno A 26 Club Sparta A.C. 31.42 31.29 9"
6,29,6,men 25-29 50 SC Meter backstroke,"Ledda, Augusto",26,2000,Club Sparta A.C.,2,"31,40",31400,"31,87",31870,valid,"2 Ledda, Augusto 26 Club Sparta A.C. 31.40 31.87 7"
6,30,6,men 25-29 50 SC Meter backstroke,"Caro P, Cristoíbal Fdo",26,2000,Pedro Aguirre Cerda,3,"35,20",35200,"34,26",34260,valid,"3 Caro P, Cristoíbal Fdo 26 Pedro Aguirre Cerda 35.20 34.26 6"
6,31,6,men 25-29 50 SC Meter backstroke,"Talfiti, Facundo",28,1998,Aquaclub Maipu,4,"38,39",38390,"37,56",37560,valid,"4 Talfiti, Facundo 28 Aquaclub Maipu 38.39 37.56 5"
6,32,6,men 25-29 50 SC Meter backstroke,"Meneses, Felipe",27,1999,Pedro Aguirre Cerda,5,"38,00",38000,"37,61",37610,valid,"5 Meneses, Felipe 27 Pedro Aguirre Cerda 38.00 37.61 4"
6,33,6,men 25-29 50 SC Meter backstroke,"Moreno, Julian",29,1997,Aquaclub Maipu,6,"38,35",38350,"37,64",37640,valid,"6 Moreno, Julian 29 Aquaclub Maipu 38.35 37.64 3"
6,34,6,men 25-29 50 SC Meter backstroke,"Rodriguez, Santi",27,1999,Club Azul Natacion Mendoza,7,"39,58",39580,"38,75",38750,valid,"7 Rodriguez, Santi 27 Club Azul Natacion Mendoza 39.58 38.75 2"
6,35,6,men 25-29 50 SC Meter backstroke,"Magallanes, Enzo",29,1997,Aquaclub Maipu,8,"41,57",41570,"41,49",41490,valid,"8 Magallanes, Enzo 29 Aquaclub Maipu 41.57 41.49 1"
6,36,6,men 25-29 50 SC Meter backstroke,"Scandolera, Lucas",26,2000,Agua Plena San Rafael,9,"40,00",40000,"42,27",42270,valid,"9 Scandolera, Lucas 26 Agua Plena San Rafael 40.00 42.27"
6,37,6,men 25-29 50 SC Meter backstroke,"Bolanños, Kleiber",29,1997,Pedro Aguirre Cerda,10,"42,10",42100,"44,80",44800,valid,"10 Bolanños, Kleiber 29 Pedro Aguirre Cerda 42.10 44.80"
6,38,6,men 25-29 50 SC Meter backstroke,"Ortega, Luciano",28,1998,Aquaclub Maipu,11,"42,43",42430,"45,15",45150,valid,"11 Ortega, Luciano 28 Aquaclub Maipu 42.43 45.15"
6,39,6,men 25-29 50 SC Meter backstroke,"Ros, Matias",29,1997,Aquaclub Maipu,12,"54,88",54880,"45,76",45760,valid,"12 Ros, Matias 29 Aquaclub Maipu 54.88 45.76"
6,41,6,men 30-34 50 SC Meter backstroke,"Mugnani Valero, Luciano",32,1994,Andes Talleres,1,"34,00",34000,"35,20",35200,valid,"1 Mugnani Valero, Luciano 32 Andes Talleres 34.00 35.20 9"
6,42,6,men 30-34 50 SC Meter backstroke,"Parra SM, Nicolaís",31,1995,Pedro Aguirre Cerda,2,"37,30",37300,"35,60",35600,valid,"2 Parra SM, Nicolaís 31 Pedro Aguirre Cerda 37.30 35.60 7"
6,43,6,men 30-34 50 SC Meter backstroke,"Cantoro, Sergio",33,1993,Aquaclub Maipu,3,"37,69",37690,"39,04",39040,valid,"3 Cantoro, Sergio 33 Aquaclub Maipu 37.69 39.04 6"
6,44,6,men 30-34 50 SC Meter backstroke,"Bront, Matias",31,1995,Club Sparta A.C.,4,"44,23",44230,"41,39",41390,valid,"4 Bront, Matias 31 Club Sparta A.C. 44.23 41.39 5"
6,45,6,men 30-34 50 SC Meter backstroke,"Barrera, Diego",32,1994,Club Azul Natacion Mendoza,5,"47,00",47000,"47,03",47030,valid,"5 Barrera, Diego 32 Club Azul Natacion Mendoza 47.00 47.03 4"
6,46,6,men 30-34 50 SC Meter backstroke,"Ortega, Atilio",32,1994,Club Sparta A.C.,,"42,29",42290,DQ,,dsq,"--- Ortega, Atilio 32 Club Sparta A.C. 42.29 DQ"
6,47,6,men 30-34 50 SC Meter backstroke,"Magnenat, Javier",34,1992,Agua Plena San Rafael,,"45,00",45000,DNF,,dnf,"--- Magnenat, Javier 34 Agua Plena San Rafael 45.00 DNF"
6,48,6,men 30-34 50 SC Meter backstroke,"Ventura, Maxi",32,1994,Club Azul Natacion Mendoza,,"40,88",40880,DNF,,dnf,"--- Ventura, Maxi 32 Club Azul Natacion Mendoza 40.88 DNF"
6,49,6,men 30-34 50 SC Meter backstroke,"Maldonado, Nicolas",31,1995,Agua Plena San Rafael,,"48,00",48000,DNF,,dnf,"--- Maldonado, Nicolas 31 Agua Plena San Rafael 48.00 DNF"
6,51,6,men 35-39 50 SC Meter backstroke,"Celaya, Ariel",36,1990,Aquaclub Maipu,1,"33,55",33550,"34,05",34050,valid,"1 Celaya, Ariel 36 Aquaclub Maipu 33.55 34.05 9"
7,5,6,men 35-39 50 SC Meter backstroke,"Alchapar, Oscar Alejandro",35,1991,Club Sparta A.C.,2,"36,28",36280,"34,40",34400,valid,"2 Alchapar, Oscar Alejandro 35 Club Sparta A.C. 36.28 34.40 7"
7,6,6,men 35-39 50 SC Meter backstroke,"Mansilla, Juan",35,1991,Club Sparta A.C.,3,"34,84",34840,"34,52",34520,valid,"3 Mansilla, Juan 35 Club Sparta A.C. 34.84 34.52 6"
7,7,6,men 35-39 50 SC Meter backstroke,"Rubin, Fernando",39,1987,Club DE Natacion Atlantis,4,"40,92",40920,"45,15",45150,valid,"4 Rubin, Fernando 39 Club DE Natacion Atlantis 40.92 45.15 5"
7,9,6,men 40-44 50 SC Meter backstroke,"Peralta, Leonardo",43,1983,Aquaclub Maipu,1,"37,33",37330,"37,95",37950,valid,"1 Peralta, Leonardo 43 Aquaclub Maipu 37.33 37.95 9"
7,10,6,men 40-44 50 SC Meter backstroke,"Castilla, Emiliano",43,1983,Andes Talleres,2,"39,00",39000,"38,96",38960,valid,"2 Castilla, Emiliano 43 Andes Talleres 39.00 38.96 7"
7,11,6,men 40-44 50 SC Meter backstroke,"Azevedo, Marcio",44,1982,Club Sparta A.C.,3,"38,25",38250,"39,86",39860,valid,"3 Azevedo, Marcio 44 Club Sparta A.C. 38.25 39.86 6"
7,12,6,men 40-44 50 SC Meter backstroke,"Munñoz, Carlos",42,1984,Club Dep Master Magallanes,4,"41,00",41000,"45,41",45410,valid,"4 Munñoz, Carlos 42 Club Dep Master Magallanes 41.00 45.41 5"
7,13,6,men 40-44 50 SC Meter backstroke,"Romero, Christian",42,1984,NÑ unñoa Master,,"48,40",48400,DNF,,dnf,"--- Romero, Christian 42 NÑ unñoa Master 48.40 DNF"
7,15,6,men 45-49 50 SC Meter backstroke,"Camargo, Pablo Sergio",46,1980,Aquaclub Maipu,1,"42,06",42060,"42,27",42270,valid,"1 Camargo, Pablo Sergio 46 Aquaclub Maipu 42.06 42.27 9"
7,16,6,men 45-49 50 SC Meter backstroke,"Roman, Nestor M",47,1979,Club Sparta A.C.,2,"43,57",43570,"45,41",45410,valid,"2 Roman, Nestor M 47 Club Sparta A.C. 43.57 45.41 7"
7,17,6,men 45-49 50 SC Meter backstroke,"Catelino, Daniel",49,1977,Andes Talleres,3,"44,00",44000,"46,56",46560,valid,"3 Catelino, Daniel 49 Andes Talleres 44.00 46.56 6"
7,18,6,men 45-49 50 SC Meter backstroke,"Soria, Gabriel",47,1979,Master Providencia Chile,4,"1:06,96",66960,"1:04,78",64780,valid,"4 Soria, Gabriel 47 Master Providencia Chile 1:06.96 1:04.78 5"
7,20,6,men 50-54 50 SC Meter backstroke,"Boreto, Federico",50,1976,Andes Talleres,1,"36,00",36000,"36,29",36290,valid,"1 Boreto, Federico 50 Andes Talleres 36.00 36.29 9"
7,21,6,men 50-54 50 SC Meter backstroke,"Catalan, Marcelo",52,1974,Master Providencia Chile,2,"41,00",41000,"40,26",40260,valid,"2 Catalan, Marcelo 52 Master Providencia Chile 41.00 40.26 7"
7,22,6,men 50-54 50 SC Meter backstroke,"Sosa, Carlos",50,1976,Aquaclub Maipu,3,"51,91",51910,"52,58",52580,valid,"3 Sosa, Carlos 50 Aquaclub Maipu 51.91 52.58 6"
7,23,6,men 50-54 50 SC Meter backstroke,"Romo, Fabri",52,1974,Club Azul Natacion Mendoza,4,"55,38",55380,"1:00,40",60400,valid,"4 Romo, Fabri 52 Club Azul Natacion Mendoza 55.38 1:00.40 5"
7,24,6,men 50-54 50 SC Meter backstroke,"Medina, Carlos",53,1973,Master Providencia Chile,5,"1:30,00",90000,"1:19,89",79890,valid,"5 Medina, Carlos 53 Master Providencia Chile 1:30.00 1:19.89 4"
7,26,6,men 55-59 50 SC Meter backstroke,"Smith, Carlos",58,1968,Master Providencia Chile,1,"44,00",44000,"42,78",42780,valid,"1 Smith, Carlos 58 Master Providencia Chile 44.00 42.78 9"
7,27,6,men 55-59 50 SC Meter backstroke,"Figueroa, Miguel",59,1967,Club Azul Natacion Mendoza,2,"52,13",52130,"54,54",54540,valid,"2 Figueroa, Miguel 59 Club Azul Natacion Mendoza 52.13 54.54 7"
7,29,6,men 60-64 50 SC Meter backstroke,"Vargas, Jose Luis",60,1966,Golden,1,"1:10,00",70000,"1:02,02",62020,valid,"1 Vargas, Jose Luis 60 Golden 1:10.00 1:02.02 9"
7,31,6,men 65-69 50 SC Meter backstroke,"Domina, Ricardo",67,1959,Club Sparta A.C.,1,"40,85",40850,"44,29",44290,valid,"1 Domina, Ricardo 67 Club Sparta A.C. 40.85 44.29 9"
7,32,6,men 65-69 50 SC Meter backstroke,"Lucero, Carlos A",66,1960,Area Club San Luis,2,"48,56",48560,"51,66",51660,valid,"2 Lucero, Carlos A 66 Area Club San Luis 48.56 51.66 7"
7,33,6,men 65-69 50 SC Meter backstroke,"Cabello Tilleríía, Andre ís",69,1957,Penñalolen Master,3,"1:10,00",70000,"56,01",56010,valid,"3 Cabello Tilleríía, Andre ís 69 Penñalolen Master 1:10.00 56.01 6"
7,34,6,men 65-69 50 SC Meter backstroke,"Cabello, Jorge",68,1958,Penñalolen Master,4,"1:20,00",80000,"1:03,72",63720,valid,"4 Cabello, Jorge 68 Penñalolen Master 1:20.00 1:03.72 5"
7,35,6,men 65-69 50 SC Meter backstroke,"Moreno, Luis",68,1958,NÑ unñoa Master,5,"1:15,10",75100,"1:08,67",68670,valid,"5 Moreno, Luis 68 NÑ unñoa Master 1:15.10 1:08.67 4"
7,37,6,men 70-74 50 SC Meter backstroke,"Alvarez, Ricardo",73,1953,NÑ unñoa Master,1,"1:34,90",94900,"1:24,45",84450,valid,"1 Alvarez, Ricardo 73 NÑ unñoa Master 1:34.90 1:24.45 9"
7,39,6,men 75-79 50 SC Meter backstroke,"Guadalupe, Jaime",77,1949,Master Providencia Chile,1,"59,19",59190,"1:02,54",62540,valid,"1 Guadalupe, Jaime 77 Master Providencia Chile 59.19 1:02.54 9"
7,40,6,men 75-79 50 SC Meter backstroke,"Huerta, Oscar",75,1951,Penñalolen Master,2,"2:00,00",120000,"1:40,66",100660,valid,"2 Huerta, Oscar 75 Penñalolen Master 2:00.00 1:40.66 7"
7,42,6,men 80-84 50 SC Meter backstroke,"Andrada, Alfredo",81,1945,Penñalolen Master,1,"2:00,00",120000,"1:15,70",75700,valid,"1 Andrada, Alfredo 81 Penñalolen Master 2:00.00 1:15.70 9"
7,44,7,women 19 & Under 100 SC Meter breaststroke,"Trabazo, Guadalupe",19,2007,Andes Talleres,1,"1:30,32",90320,"1:23,67",83670,valid,"1 Trabazo, Guadalupe 19 Andes Talleres 1:30.32 1:23.67 9"
7,45,7,women 19 & Under 100 SC Meter breaststroke,"Lacerna, Guadalupe",18,2008,Andes Talleres,2,"1:34,37",94370,"1:35,40",95400,valid,"2 Lacerna, Guadalupe 18 Andes Talleres 1:34.37 1:35.40 7"
7,47,7,women 20-24 100 SC Meter breaststroke,"Muchut Moyano, Rocíío Alumine í",24,2002,Club Sparta A.C.,1,"1:40,21",100210,"1:34,90",94900,valid,"1 Muchut Moyano, Rocíío Alumine í 24 Club Sparta A.C. 1:40.21 1:34.90 9"
7,48,7,women 20-24 100 SC Meter breaststroke,"Guinñazu, Selene",20,2006,Aquaclub Maipu,2,"1:39,98",99980,"1:42,95",102950,valid,"2 Guinñazu, Selene 20 Aquaclub Maipu 1:39.98 1:42.95 7"
7,49,7,women 20-24 100 SC Meter breaststroke,"Gavilucci, Valentina",24,2002,Club Sparta A.C.,3,"2:03,56",123560,"2:15,48",135480,valid,"3 Gavilucci, Valentina 24 Club Sparta A.C. 2:03.56 2:15.48 6"
8,5,7,women 25-29 100 SC Meter breaststroke,"Mellado, Ana Laura",25,2001,Aquaclub Maipu,1,"1:34,89",94890,"1:30,03",90030,valid,"1 Mellado, Ana Laura 25 Aquaclub Maipu 1:34.89 1:30.03 9"
8,6,7,women 25-29 100 SC Meter breaststroke,"Dave, Gisela",28,1998,Aquaclub Maipu,2,"1:40,36",100360,"1:36,91",96910,valid,"2 Dave, Gisela 28 Aquaclub Maipu 1:40.36 1:36.91 7"
8,7,7,women 25-29 100 SC Meter breaststroke,"Gargantini, Agostina",25,2001,Club Sparta A.C.,3,"1:50,39",110390,"1:51,44",111440,valid,"3 Gargantini, Agostina 25 Club Sparta A.C. 1:50.39 1:51.44 6"
8,8,7,women 25-29 100 SC Meter breaststroke,"Faríías, Tiare",27,1999,Pedro Aguirre Cerda,4,"2:01,20",121200,"1:52,14",112140,valid,"4 Faríías, Tiare 27 Pedro Aguirre Cerda 2:01.20 1:52.14 5"
8,9,7,women 25-29 100 SC Meter breaststroke,"Herrera, Amparo",29,1997,Club Sparta A.C.,5,"1:56,12",116120,"1:54,14",114140,valid,"5 Herrera, Amparo 29 Club Sparta A.C. 1:56.12 1:54.14 4"
8,10,7,women 25-29 100 SC Meter breaststroke,"Aguilera, Ayelen",27,1999,Club Azul Natacion Mendoza,6,"2:31,97",151970,"2:04,00",124000,valid,"6 Aguilera, Ayelen 27 Club Azul Natacion Mendoza 2:31.97 2:04.00 3"
8,12,7,women 30-34 100 SC Meter breaststroke,"Badui, Nahir",31,1995,Club Sparta A.C.,1,"1:44,55",104550,"1:40,38",100380,valid,"1 Badui, Nahir 31 Club Sparta A.C. 1:44.55 1:40.38 9"
8,13,7,women 30-34 100 SC Meter breaststroke,"Sanchez, Johana",31,1995,Aquaclub Maipu,2,"1:44,92",104920,"1:45,02",105020,valid,"2 Sanchez, Johana 31 Aquaclub Maipu 1:44.92 1:45.02 7"
8,14,7,women 30-34 100 SC Meter breaststroke,"Chavez, Roxana",34,1992,Club Sparta A.C.,3,"2:01,24",121240,"1:48,63",108630,valid,"3 Chavez, Roxana 34 Club Sparta A.C. 2:01.24 1:48.63 6"
8,15,7,women 30-34 100 SC Meter breaststroke,"Alvarez, Samanta",30,1996,Club Sparta A.C.,4,"1:57,10",117100,"1:51,81",111810,valid,"4 Alvarez, Samanta 30 Club Sparta A.C. 1:57.10 1:51.81 5"
8,16,7,women 30-34 100 SC Meter breaststroke,"Garin, Emilia",34,1992,Club Sparta A.C.,5,"1:45,21",105210,"1:53,94",113940,valid,"5 Garin, Emilia 34 Club Sparta A.C. 1:45.21 1:53.94 4"
8,17,7,women 30-34 100 SC Meter breaststroke,"Osuna, Daiana Esther",33,1993,Agua Plena San Rafael,6,"2:30,00",150000,"2:02,99",122990,valid,"6 Osuna, Daiana Esther 33 Agua Plena San Rafael 2:30.00 2:02.99 3"
8,18,7,women 30-34 100 SC Meter breaststroke,"Delpozzi, Julieta",31,1995,Agua Plena San Rafael,7,"2:25,00",145000,"2:19,39",139390,valid,"7 Delpozzi, Julieta 31 Agua Plena San Rafael 2:25.00 2:19.39 2"
8,20,7,women 35-39 100 SC Meter breaststroke,"Radivoy, Maria E",39,1987,Andes Talleres,1,"1:42,00",102000,"1:42,95",102950,valid,"1 Radivoy, Maria E 39 Andes Talleres 1:42.00 1:42.95 9"
8,21,7,women 35-39 100 SC Meter breaststroke,"Fravega, Julieta",39,1987,Club Sparta A.C.,2,"1:56,53",116530,"1:51,25",111250,valid,"2 Fravega, Julieta 39 Club Sparta A.C. 1:56.53 1:51.25 7"
8,22,7,women 35-39 100 SC Meter breaststroke,"Ortubia, Natalia",38,1988,Club Sparta A.C.,3,"2:15,03",135030,"2:07,17",127170,valid,"3 Ortubia, Natalia 38 Club Sparta A.C. 2:15.03 2:07.17 6"
8,23,7,women 35-39 100 SC Meter breaststroke,"Diaz, Mariana",38,1988,Club Sparta A.C.,4,"2:15,41",135410,"2:13,02",133020,valid,"4 Diaz, Mariana 38 Club Sparta A.C. 2:15.41 2:13.02 5"
8,25,7,women 40-44 100 SC Meter breaststroke,"Cabeza, Maria Belen",40,1986,Andes Talleres,1,"1:32,00",92000,"1:32,88",92880,valid,"1 Cabeza, Maria Belen 40 Andes Talleres 1:32.00 1:32.88 9"
8,26,7,women 40-44 100 SC Meter breaststroke,"Bisson, Natali",40,1986,Andes Talleres,2,"1:50,87",110870,"1:47,82",107820,valid,"2 Bisson, Natali 40 Andes Talleres 1:50.87 1:47.82 7"
8,27,7,women 40-44 100 SC Meter breaststroke,"Natalia, Silva",41,1985,Agua Plena San Rafael,3,"2:22,00",142000,"2:04,10",124100,valid,"3 Natalia, Silva 41 Agua Plena San Rafael 2:22.00 2:04.10 6"
8,28,7,women 40-44 100 SC Meter breaststroke,"Cosas, Florencia",44,1982,Club Sparta A.C.,4,"2:15,32",135320,"2:18,73",138730,valid,"4 Cosas, Florencia 44 Club Sparta A.C. 2:15.32 2:18.73 5"
8,29,7,women 40-44 100 SC Meter breaststroke,"Carmona, Maria Angeles",44,1982,Club DE Natacion Atlantis,5,"2:40,00",160000,"2:32,73",152730,valid,"5 Carmona, Maria Angeles 44 Club DE Natacion Atlantis 2:40.00 2:32.73 4"
8,31,7,women 45-49 100 SC Meter breaststroke,"Arriola, Silvia",45,1981,Aquaclub Maipu,1,"1:24,03",84030,"1:27,92",87920,valid,"1 Arriola, Silvia 45 Aquaclub Maipu 1:24.03 1:27.92 9"
8,32,7,women 45-49 100 SC Meter breaststroke,"Guadalupe, Cynthia",45,1981,Master Providencia Chile,2,"1:42,00",102000,"1:44,57",104570,valid,"2 Guadalupe, Cynthia 45 Master Providencia Chile 1:42.00 1:44.57 7"
8,33,7,women 45-49 100 SC Meter breaststroke,"Gauna, Noe",45,1981,Club Azul Natacion Mendoza,3,"2:31,87",151870,"2:32,42",152420,valid,"3 Gauna, Noe 45 Club Azul Natacion Mendoza 2:31.87 2:32.42 6"
8,35,7,women 50-54 100 SC Meter breaststroke,"Tapia, Julieta",51,1975,Master Providencia Chile,1,"2:15,00",135000,"2:02,51",122510,valid,"1 Tapia, Julieta 51 Master Providencia Chile 2:15.00 2:02.51 9"
8,37,7,women 55-59 100 SC Meter breaststroke,"Dable, Marie Claire",57,1969,Master Providencia Chile,1,"1:59,64",119640,"2:03,45",123450,valid,"1 Dable, Marie Claire 57 Master Providencia Chile 1:59.64 2:03.45 9"
8,39,7,women 60-64 100 SC Meter breaststroke,"DI Paola, Laura",61,1965,Club Sparta A.C.,1,"2:09,46",129460,"2:08,91",128910,valid,"1 DI Paola, Laura 61 Club Sparta A.C. 2:09.46 2:08.91 9"
8,40,7,women 60-64 100 SC Meter breaststroke,"Acencio, Claudia",63,1963,Master Providencia Chile,2,"2:05,53",125530,"2:08,99",128990,valid,"2 Acencio, Claudia 63 Master Providencia Chile 2:05.53 2:08.99 7"
8,41,7,women 60-64 100 SC Meter breaststroke,"Richardi, Marisa",64,1962,Andes Talleres,3,"2:42,95",162950,"3:06,15",186150,valid,"3 Richardi, Marisa 64 Andes Talleres 2:42.95 3:06.15 6"
8,43,7,women 70-74 100 SC Meter breaststroke,"Barrasa, Silvia",70,1956,Andes Talleres,1,"3:00,00",180000,"3:07,01",187010,valid,"1 Barrasa, Silvia 70 Andes Talleres 3:00.00 3:07.01 9"
8,45,7,women 75-79 100 SC Meter breaststroke,"Nunñez, Elizabeth",77,1949,Master Providencia Chile,1,"2:45,99",165990,"2:54,84",174840,valid,"1 Nunñez, Elizabeth 77 Master Providencia Chile 2:45.99 2:54.84 9"
8,47,8,men 19 & Under 100 SC Meter breaststroke,"Gonzalez, Nicolas Agustíín",19,2007,Andes Talleres,1,"1:24,00",84000,"1:22,85",82850,valid,"1 Gonzalez, Nicolas Agustíín 19 Andes Talleres 1:24.00 1:22.85 9"
8,49,8,men 20-24 100 SC Meter breaststroke,"Gonzalez, Franco",23,2003,Andes Talleres,1,"1:18,30",78300,"1:20,96",80960,valid,"1 Gonzalez, Franco 23 Andes Talleres 1:18.30 1:20.96 9"
9,5,8,men 20-24 100 SC Meter breaststroke,"Flores, Joseí Luis",20,2006,Pedro Aguirre Cerda,2,"1:35,50",95500,"1:30,35",90350,valid,"2 Flores, Joseí Luis 20 Pedro Aguirre Cerda 1:35.50 1:30.35 7"
9,6,8,men 20-24 100 SC Meter breaststroke,"Caro, Martíín",20,2006,Pedro Aguirre Cerda,3,"1:34,00",94000,"1:33,18",93180,valid,"3 Caro, Martíín 20 Pedro Aguirre Cerda 1:34.00 1:33.18 6"
9,7,8,men 20-24 100 SC Meter breaststroke,"Zapata Esquivel, Tomas Benjamin F.",24,2002,Aquaclub Maipu,4,"1:36,47",96470,"1:33,72",93720,valid,"4 Zapata Esquivel, Tomas Benjamin F. 24 Aquaclub Maipu 1:36.47 1:33.72 5"
9,8,8,men 20-24 100 SC Meter breaststroke,"Chacoín, Manuel",20,2006,Club Sparta A.C.,5,"1:33,80",93800,"1:40,80",100800,valid,"5 Chacoín, Manuel 20 Club Sparta A.C. 1:33.80 1:40.80 4"
9,9,8,men 20-24 100 SC Meter breaststroke,"Moron, Martin",22,2004,Club Azul Natacion Mendoza,6,"1:46,19",106190,"1:51,99",111990,valid,"6 Moron, Martin 22 Club Azul Natacion Mendoza 1:46.19 1:51.99 3"
9,10,8,men 20-24 100 SC Meter breaststroke,"Trilla, Ignacio",21,2005,Club Azul Natacion Mendoza,,"1:40,00",100000,DNF,,dnf,"--- Trilla, Ignacio 21 Club Azul Natacion Mendoza 1:40.00 DNF"
9,12,8,men 25-29 100 SC Meter breaststroke,"Vollmer, Matias A",28,1998,Andes Talleres,1,"1:21,18",81180,"1:18,77",78770,valid,"1 Vollmer, Matias A 28 Andes Talleres 1:21.18 1:18.77 9"
9,13,8,men 25-29 100 SC Meter breaststroke,"Moreno, Julian",29,1997,Aquaclub Maipu,2,"1:22,31",82310,"1:20,72",80720,valid,"2 Moreno, Julian 29 Aquaclub Maipu 1:22.31 1:20.72 7"
9,14,8,men 25-29 100 SC Meter breaststroke,"Talfiti, Facundo",28,1998,Aquaclub Maipu,3,"1:32,28",92280,"1:31,27",91270,valid,"3 Talfiti, Facundo 28 Aquaclub Maipu 1:32.28 1:31.27 6"
9,15,8,men 25-29 100 SC Meter breaststroke,"Rodriguez, Santi",27,1999,Club Azul Natacion Mendoza,4,"1:33,60",93600,"1:32,55",92550,valid,"4 Rodriguez, Santi 27 Club Azul Natacion Mendoza 1:33.60 1:32.55 5"
9,16,8,men 25-29 100 SC Meter breaststroke,"Robledo, Mariano",26,2000,Club Sparta A.C.,5,"1:47,65",107650,"1:35,73",95730,valid,"5 Robledo, Mariano 26 Club Sparta A.C. 1:47.65 1:35.73 4"
9,17,8,men 25-29 100 SC Meter breaststroke,"Scandolera, Lucas",26,2000,Agua Plena San Rafael,6,"2:12,00",132000,"1:37,39",97390,valid,"6 Scandolera, Lucas 26 Agua Plena San Rafael 2:12.00 1:37.39 3"
9,18,8,men 25-29 100 SC Meter breaststroke,"Ortega, Luciano",28,1998,Aquaclub Maipu,7,"1:37,00",97000,"1:38,14",98140,valid,"7 Ortega, Luciano 28 Aquaclub Maipu 1:37.00 1:38.14 2"
9,19,8,men 25-29 100 SC Meter breaststroke,"Ros, Matias",29,1997,Aquaclub Maipu,8,"1:45,43",105430,"1:38,24",98240,valid,"8 Ros, Matias 29 Aquaclub Maipu 1:45.43 1:38.24 1"
9,20,8,men 25-29 100 SC Meter breaststroke,"Magallanes, Enzo",29,1997,Aquaclub Maipu,9,"1:36,13",96130,"1:39,80",99800,valid,"9 Magallanes, Enzo 29 Aquaclub Maipu 1:36.13 1:39.80"
9,22,8,men 30-34 100 SC Meter breaststroke,"Cantoro, Sergio",33,1993,Aquaclub Maipu,1,"1:23,29",83290,"1:23,86",83860,valid,"1 Cantoro, Sergio 33 Aquaclub Maipu 1:23.29 1:23.86 9"
9,23,8,men 30-34 100 SC Meter breaststroke,"Becerra A., Martíín",30,1996,Pedro Aguirre Cerda,2,"1:37,20",97200,"1:30,41",90410,valid,"2 Becerra A., Martíín 30 Pedro Aguirre Cerda 1:37.20 1:30.41 7"
9,24,8,men 30-34 100 SC Meter breaststroke,"Mallea, Abdo",33,1993,Club Sparta A.C.,3,NT,,"1:34,21",94210,valid,"3 Mallea, Abdo 33 Club Sparta A.C. NT 1:34.21 6"
9,25,8,men 30-34 100 SC Meter breaststroke,"Morales, Jesus",33,1993,Club Sparta A.C.,4,"1:48,21",108210,"1:39,45",99450,valid,"4 Morales, Jesus 33 Club Sparta A.C. 1:48.21 1:39.45 5"
9,26,8,men 30-34 100 SC Meter breaststroke,"Bront, Matias",31,1995,Club Sparta A.C.,5,"1:45,09",105090,"1:40,01",100010,valid,"5 Bront, Matias 31 Club Sparta A.C. 1:45.09 1:40.01 4"
9,27,8,men 30-34 100 SC Meter breaststroke,"Barrera, Diego",32,1994,Club Azul Natacion Mendoza,6,"1:46,20",106200,"1:53,32",113320,valid,"6 Barrera, Diego 32 Club Azul Natacion Mendoza 1:46.20 1:53.32 3"
9,28,8,men 30-34 100 SC Meter breaststroke,"Lelio, Leandro",30,1996,Club Sparta A.C.,7,"1:58,66",118660,"1:53,38",113380,valid,"7 Lelio, Leandro 30 Club Sparta A.C. 1:58.66 1:53.38 2"
9,29,8,men 30-34 100 SC Meter breaststroke,"Romero, Gonzalo",33,1993,Club Sparta A.C.,8,"2:04,21",124210,"2:06,37",126370,valid,"8 Romero, Gonzalo 33 Club Sparta A.C. 2:04.21 2:06.37 1"
9,31,8,men 35-39 100 SC Meter breaststroke,"Barreto, Yuhneyber",39,1987,Pedro Aguirre Cerda,1,"2:30,00",150000,"1:41,52",101520,valid,"1 Barreto, Yuhneyber 39 Pedro Aguirre Cerda 2:30.00 1:41.52 9"
9,32,8,men 35-39 100 SC Meter breaststroke,"Aguilera, Juan Carlos",37,1989,Master Providencia Chile,2,"1:53,89",113890,"1:44,10",104100,valid,"2 Aguilera, Juan Carlos 37 Master Providencia Chile 1:53.89 1:44.10 7"
9,33,8,men 35-39 100 SC Meter breaststroke,"Yanzon, Matias",39,1987,Club Sparta A.C.,3,"2:01,09",121090,"1:55,26",115260,valid,"3 Yanzon, Matias 39 Club Sparta A.C. 2:01.09 1:55.26 6"
9,34,8,men 35-39 100 SC Meter breaststroke,"Nievas, Emmanuel",35,1991,Club Sparta A.C.,,"2:04,21",124210,DNF,,dnf,"--- Nievas, Emmanuel 35 Club Sparta A.C. 2:04.21 DNF"
9,36,8,men 40-44 100 SC Meter breaststroke,"Calvet, Miguel",43,1983,Andes Talleres,1,"1:30,43",90430,"1:28,77",88770,valid,"1 Calvet, Miguel 43 Andes Talleres 1:30.43 1:28.77 9"
9,37,8,men 40-44 100 SC Meter breaststroke,"Maron, Horacio",44,1982,Club Sparta A.C.,2,"1:42,72",102720,"1:37,93",97930,valid,"2 Maron, Horacio 44 Club Sparta A.C. 1:42.72 1:37.93 7"
9,38,8,men 40-44 100 SC Meter breaststroke,"Maza, Carlos",40,1986,Club Sparta A.C.,3,"1:33,58",93580,"1:39,23",99230,valid,"3 Maza, Carlos 40 Club Sparta A.C. 1:33.58 1:39.23 6"
9,39,8,men 40-44 100 SC Meter breaststroke,"Martin, Leonardo",44,1982,Andes Talleres,4,"1:45,00",105000,"1:40,90",100900,valid,"4 Martin, Leonardo 44 Andes Talleres 1:45.00 1:40.90 5"
9,40,8,men 40-44 100 SC Meter breaststroke,"Romero, Christian",42,1984,NÑ unñoa Master,,"1:38,80",98800,DNF,,dnf,"--- Romero, Christian 42 NÑ unñoa Master 1:38.80 DNF"
9,42,8,men 45-49 100 SC Meter breaststroke,"Profili, Osvaldo L",47,1979,Club Sparta A.C.,1,"1:49,23",109230,"1:43,73",103730,valid,"1 Profili, Osvaldo L 47 Club Sparta A.C. 1:49.23 1:43.73 9"
9,43,8,men 45-49 100 SC Meter breaststroke,"Camargo, Pablo Sergio",46,1980,Aquaclub Maipu,2,"2:02,98",122980,"1:59,46",119460,valid,"2 Camargo, Pablo Sergio 46 Aquaclub Maipu 2:02.98 1:59.46 7"
9,44,8,men 45-49 100 SC Meter breaststroke,"Soria, Gabriel",47,1979,Master Providencia Chile,3,"2:19,20",139200,"2:07,68",127680,valid,"3 Soria, Gabriel 47 Master Providencia Chile 2:19.20 2:07.68 6"
9,46,8,men 50-54 100 SC Meter breaststroke,"Henrííquez, Pablo",54,1972,Andes Talleres,1,"1:40,00",100000,"1:43,87",103870,valid,"1 Henrííquez, Pablo 54 Andes Talleres 1:40.00 1:43.87 9"
9,47,8,men 50-54 100 SC Meter breaststroke,"Cabrera, Hernan",53,1973,Club Sparta A.C.,2,"2:01,47",121470,"1:48,78",108780,valid,"2 Cabrera, Hernan 53 Club Sparta A.C. 2:01.47 1:48.78 7"
9,48,8,men 50-54 100 SC Meter breaststroke,"Romo, Fabri",52,1974,Club Azul Natacion Mendoza,3,"2:05,00",125000,"1:56,08",116080,valid,"3 Romo, Fabri 52 Club Azul Natacion Mendoza 2:05.00 1:56.08 6"
9,50,8,men 55-59 100 SC Meter breaststroke,"Smith, Carlos",58,1968,Master Providencia Chile,1,"1:40,00",100000,"1:36,09",96090,valid,"1 Smith, Carlos 58 Master Providencia Chile 1:40.00 1:36.09 9"
9,51,8,men 55-59 100 SC Meter breaststroke,"Perissa, Alejandro",58,1968,Andes Talleres,2,"1:39,66",99660,"1:36,40",96400,valid,"2 Perissa, Alejandro 58 Andes Talleres 1:39.66 1:36.40 7"
10,5,8,men 55-59 100 SC Meter breaststroke,"Velazquez, Orlando",56,1970,Aquaclub Maipu,3,"2:57,57",177570,"2:53,23",173230,valid,"3 Velazquez, Orlando 56 Aquaclub Maipu 2:57.57 2:53.23 6"
10,7,8,men 60-64 100 SC Meter breaststroke,"Pavoni, Ricardo O",63,1963,Andes Talleres,1,"1:37,12",97120,"1:36,93",96930,valid,"1 Pavoni, Ricardo O 63 Andes Talleres 1:37.12 1:36.93 9"
10,8,8,men 60-64 100 SC Meter breaststroke,"Vargas, Jose Luis",60,1966,Golden,2,"2:30,00",150000,"2:30,23",150230,valid,"2 Vargas, Jose Luis 60 Golden 2:30.00 2:30.23 7"
10,10,8,men 65-69 100 SC Meter breaststroke,"Cabello Tilleríía, Andre ís",69,1957,Penñalolen Master,1,"1:55,00",115000,"2:00,56",120560,valid,"1 Cabello Tilleríía, Andre ís 69 Penñalolen Master 1:55.00 2:00.56 9"
10,11,8,men 65-69 100 SC Meter breaststroke,"Moreno, Luis",68,1958,NÑ unñoa Master,2,"3:45,30",225300,"2:47,97",167970,valid,"2 Moreno, Luis 68 NÑ unñoa Master 3:45.30 2:47.97 7"
10,13,8,men 75-79 100 SC Meter breaststroke,"Guadalupe, Jaime",77,1949,Master Providencia Chile,1,"2:08,76",128760,"2:11,87",131870,valid,"1 Guadalupe, Jaime 77 Master Providencia Chile 2:08.76 2:11.87 9"
10,14,8,men 75-79 100 SC Meter breaststroke,"Huerta, Oscar",75,1951,Penñalolen Master,2,"4:00,00",240000,"4:13,91",253910,valid,"2 Huerta, Oscar 75 Penñalolen Master 4:00.00 4:13.91 7"
10,16,9,women 19 & Under 50 SC Meter freestyle,"Trabazo, Guadalupe",19,2007,Andes Talleres,1,"33,50",33500,"31,66",31660,valid,"1 Trabazo, Guadalupe 19 Andes Talleres 33.50 31.66 9"
10,17,9,women 19 & Under 50 SC Meter freestyle,"Chertcoff, Victoria",18,2008,Agua Plena San Rafael,2,"38,00",38000,"33,28",33280,valid,"2 Chertcoff, Victoria 18 Agua Plena San Rafael 38.00 33.28 7"
10,18,9,women 19 & Under 50 SC Meter freestyle,"Lacerna, Guadalupe",18,2008,Andes Talleres,3,"33,30",33300,"33,96",33960,valid,"3 Lacerna, Guadalupe 18 Andes Talleres 33.30 33.96 6"
10,20,9,women 20-24 50 SC Meter freestyle,"Vidal, Pierina",21,2005,Club Sparta A.C.,1,"34,52",34520,"35,13",35130,valid,"1 Vidal, Pierina 21 Club Sparta A.C. 34.52 35.13 9"
10,21,9,women 20-24 50 SC Meter freestyle,"Gavilucci, Valentina",24,2002,Club Sparta A.C.,2,"39,21",39210,"36,36",36360,valid,"2 Gavilucci, Valentina 24 Club Sparta A.C. 39.21 36.36 7"
10,22,9,women 20-24 50 SC Meter freestyle,"Guinñazu, Selene",20,2006,Aquaclub Maipu,3,"35,01",35010,"36,54",36540,valid,"3 Guinñazu, Selene 20 Aquaclub Maipu 35.01 36.54 6"
10,24,9,women 25-29 50 SC Meter freestyle,"Pavio Civit, Natalia",26,2000,Club Sparta A.C.,1,"31,33",31330,"31,21",31210,valid,"1 Pavio Civit, Natalia 26 Club Sparta A.C. 31.33 31.21 9"
10,25,9,women 25-29 50 SC Meter freestyle,"Castro A, Paula A",26,2000,Pedro Aguirre Cerda,2,"43,00",43000,"32,01",32010,valid,"2 Castro A, Paula A 26 Pedro Aguirre Cerda 43.00 32.01 7"
10,26,9,women 25-29 50 SC Meter freestyle,"Mellado, Ana Laura",25,2001,Aquaclub Maipu,3,"30,45",30450,"32,03",32030,valid,"3 Mellado, Ana Laura 25 Aquaclub Maipu 30.45 32.03 6"
10,27,9,women 25-29 50 SC Meter freestyle,"Arce, Aisha",28,1998,Club Sparta A.C.,4,"36,12",36120,"35,78",35780,valid,"4 Arce, Aisha 28 Club Sparta A.C. 36.12 35.78 5"
10,28,9,women 25-29 50 SC Meter freestyle,"Gargantini, Agostina",25,2001,Club Sparta A.C.,5,"38,05",38050,"37,12",37120,valid,"5 Gargantini, Agostina 25 Club Sparta A.C. 38.05 37.12 4"
10,29,9,women 25-29 50 SC Meter freestyle,"Galetto, Ornella",26,2000,Club Sparta A.C.,6,"40,59",40590,"39,76",39760,valid,"6 Galetto, Ornella 26 Club Sparta A.C. 40.59 39.76 3"
10,30,9,women 25-29 50 SC Meter freestyle,"Aguilera, Ayelen",27,1999,Club Azul Natacion Mendoza,7,"48,39",48390,"43,67",43670,valid,"7 Aguilera, Ayelen 27 Club Azul Natacion Mendoza 48.39 43.67 2"
10,31,9,women 25-29 50 SC Meter freestyle,"Funes, Carolina",25,2001,Club Sparta A.C.,8,"47,74",47740,"43,92",43920,valid,"8 Funes, Carolina 25 Club Sparta A.C. 47.74 43.92 1"
10,32,9,women 25-29 50 SC Meter freestyle,"Escudero, Ailen",28,1998,Club Sparta A.C.,9,"1:01,23",61230,"46,54",46540,valid,"9 Escudero, Ailen 28 Club Sparta A.C. 1:01.23 46.54"
10,33,9,women 25-29 50 SC Meter freestyle,"Faríías, Tiare",27,1999,Pedro Aguirre Cerda,10,"43,70",43700,"46,70",46700,valid,"10 Faríías, Tiare 27 Pedro Aguirre Cerda 43.70 46.70"
10,34,9,women 25-29 50 SC Meter freestyle,"Herrera, Amparo",29,1997,Club Sparta A.C.,11,"42,12",42120,"47,26",47260,valid,"11 Herrera, Amparo 29 Club Sparta A.C. 42.12 47.26"
10,36,9,women 30-34 50 SC Meter freestyle,"Monassa, Emeli",34,1992,Club Sparta A.C.,1,"31,62",31620,"32,41",32410,valid,"1 Monassa, Emeli 34 Club Sparta A.C. 31.62 32.41 9"
10,37,9,women 30-34 50 SC Meter freestyle,"Mauad, Yamile",30,1996,Club Sparta A.C.,2,"35,79",35790,"34,34",34340,valid,"2 Mauad, Yamile 30 Club Sparta A.C. 35.79 34.34 7"
10,38,9,women 30-34 50 SC Meter freestyle,"Badui, Nahir",31,1995,Club Sparta A.C.,3,"35,13",35130,"35,02",35020,valid,"3 Badui, Nahir 31 Club Sparta A.C. 35.13 35.02 6"
10,39,9,women 30-34 50 SC Meter freestyle,"Garin, Emilia",34,1992,Club Sparta A.C.,4,"37,77",37770,"36,74",36740,valid,"4 Garin, Emilia 34 Club Sparta A.C. 37.77 36.74 5"
10,40,9,women 30-34 50 SC Meter freestyle,"Zapata, Rocio Nicole",31,1995,Club DE Natacion Atlantis,5,"37,94",37940,"37,52",37520,valid,"5 Zapata, Rocio Nicole 31 Club DE Natacion Atlantis 37.94 37.52 4"
10,41,9,women 30-34 50 SC Meter freestyle,"Loípez, Diane",30,1996,Pedro Aguirre Cerda,6,"36,20",36200,"38,32",38320,valid,"6 Loípez, Diane 30 Pedro Aguirre Cerda 36.20 38.32 3"
10,42,9,women 30-34 50 SC Meter freestyle,"Sanchez, Johana",31,1995,Aquaclub Maipu,7,"37,90",37900,"40,01",40010,valid,"7 Sanchez, Johana 31 Aquaclub Maipu 37.90 40.01 2"
10,43,9,women 30-34 50 SC Meter freestyle,"Chavez, Roxana",34,1992,Club Sparta A.C.,8,"47,39",47390,"40,02",40020,valid,"8 Chavez, Roxana 34 Club Sparta A.C. 47.39 40.02 1"
10,44,9,women 30-34 50 SC Meter freestyle,"Alvarez, Samanta",30,1996,Club Sparta A.C.,9,"40,83",40830,"40,04",40040,valid,"9 Alvarez, Samanta 30 Club Sparta A.C. 40.83 40.04"
10,45,9,women 30-34 50 SC Meter freestyle,"Arancibia, Virginia",31,1995,Club Sparta A.C.,10,"44,12",44120,"44,04",44040,valid,"10 Arancibia, Virginia 31 Club Sparta A.C. 44.12 44.04"
10,46,9,women 30-34 50 SC Meter freestyle,"Delpozzi, Julieta",31,1995,Agua Plena San Rafael,11,"47,00",47000,"45,30",45300,valid,"11 Delpozzi, Julieta 31 Agua Plena San Rafael 47.00 45.30"
10,47,9,women 30-34 50 SC Meter freestyle,"Revello, Michelle",31,1995,Pedro Aguirre Cerda,12,"47,50",47500,"47,68",47680,valid,"12 Revello, Michelle 31 Pedro Aguirre Cerda 47.50 47.68"
10,48,9,women 30-34 50 SC Meter freestyle,"Osuna, Daiana Esther",33,1993,Agua Plena San Rafael,13,"47,00",47000,"48,97",48970,valid,"13 Osuna, Daiana Esther 33 Agua Plena San Rafael 47.00 48.97"
10,50,9,women 35-39 50 SC Meter freestyle,"Martin, Anita",38,1988,Andes Talleres,1,"35,12",35120,"35,59",35590,valid,"1 Martin, Anita 38 Andes Talleres 35.12 35.59 9"
10,51,9,women 35-39 50 SC Meter freestyle,"Radivoy, Maria E",39,1987,Andes Talleres,2,"37,00",37000,"35,69",35690,valid,"2 Radivoy, Maria E 39 Andes Talleres 37.00 35.69 7"
11,5,9,women 35-39 50 SC Meter freestyle,"Fravega, Julieta",39,1987,Club Sparta A.C.,3,"45,63",45630,"45,25",45250,valid,"3 Fravega, Julieta 39 Club Sparta A.C. 45.63 45.25 6"
11,6,9,women 35-39 50 SC Meter freestyle,"Cabello, Romina",36,1990,Club DE Natacion Atlantis,4,"51,39",51390,"49,72",49720,valid,"4 Cabello, Romina 36 Club DE Natacion Atlantis 51.39 49.72 5"
11,7,9,women 35-39 50 SC Meter freestyle,"Ortubia, Natalia",38,1988,Club Sparta A.C.,5,"49,45",49450,"50,84",50840,valid,"5 Ortubia, Natalia 38 Club Sparta A.C. 49.45 50.84 4"
11,8,9,women 35-39 50 SC Meter freestyle,"Diaz, Mariana",38,1988,Club Sparta A.C.,6,"57,11",57110,"51,86",51860,valid,"6 Diaz, Mariana 38 Club Sparta A.C. 57.11 51.86 3"
11,10,9,women 40-44 50 SC Meter freestyle,"Rodriguez, Diana",41,1985,NÑ unñoa Master,1,"38,00",38000,"35,85",35850,valid,"1 Rodriguez, Diana 41 NÑ unñoa Master 38.00 35.85 9"
11,11,9,women 40-44 50 SC Meter freestyle,"Espinosa, Analia L",41,1985,Club DE Natacion Atlantis,2,"38,89",38890,"38,28",38280,valid,"2 Espinosa, Analia L 41 Club DE Natacion Atlantis 38.89 38.28 7"
11,12,9,women 40-44 50 SC Meter freestyle,"Natalia, Silva",41,1985,Agua Plena San Rafael,3,"47,00",47000,"43,27",43270,valid,"3 Natalia, Silva 41 Agua Plena San Rafael 47.00 43.27 6"
11,13,9,women 40-44 50 SC Meter freestyle,"Carmona, Maria Angeles",44,1982,Club DE Natacion Atlantis,4,"53,64",53640,"51,40",51400,valid,"4 Carmona, Maria Angeles 44 Club DE Natacion Atlantis 53.64 51.40 5"
11,14,9,women 40-44 50 SC Meter freestyle,"Cosas, Florencia",44,1982,Club Sparta A.C.,5,"59,12",59120,"51,44",51440,valid,"5 Cosas, Florencia 44 Club Sparta A.C. 59.12 51.44 4"
11,15,9,women 40-44 50 SC Meter freestyle,"Soria, Silvia",43,1983,Club Sparta A.C.,6,"58,14",58140,"57,24",57240,valid,"6 Soria, Silvia 43 Club Sparta A.C. 58.14 57.24 3"
11,17,9,women 45-49 50 SC Meter freestyle,"Arriola, Silvia",45,1981,Aquaclub Maipu,1,"32,45",32450,"38,72",38720,valid,"1 Arriola, Silvia 45 Aquaclub Maipu 32.45 38.72 9"
11,18,9,women 45-49 50 SC Meter freestyle,"Gestoso Fraga, Maria Soledad",46,1980,Andes Talleres,2,"40,86",40860,"39,93",39930,valid,"2 Gestoso Fraga, Maria Soledad 46 Andes Talleres 40.86 39.93 7"
11,19,9,women 45-49 50 SC Meter freestyle,"Guadalupe, Cynthia",45,1981,Master Providencia Chile,3,"37,50",37500,"41,11",41110,valid,"3 Guadalupe, Cynthia 45 Master Providencia Chile 37.50 41.11 6"
11,20,9,women 45-49 50 SC Meter freestyle,"Gonzalez, Maria",47,1979,Club Sparta A.C.,4,"43,11",43110,"43,22",43220,valid,"4 Gonzalez, Maria 47 Club Sparta A.C. 43.11 43.22 5"
11,21,9,women 45-49 50 SC Meter freestyle,"Gauna, Noe",45,1981,Club Azul Natacion Mendoza,5,"50,00",50000,"48,97",48970,valid,"5 Gauna, Noe 45 Club Azul Natacion Mendoza 50.00 48.97 4"
11,23,9,women 55-59 50 SC Meter freestyle,"Dable, Marie Claire",57,1969,Master Providencia Chile,1,"40,81",40810,"40,48",40480,valid,"1 Dable, Marie Claire 57 Master Providencia Chile 40.81 40.48 9"
11,24,9,women 55-59 50 SC Meter freestyle,"Amaro, Maria",56,1970,Pedro Aguirre Cerda,2,"58,00",58000,"53,97",53970,valid,"2 Amaro, Maria 56 Pedro Aguirre Cerda 58.00 53.97 7"
11,25,9,women 55-59 50 SC Meter freestyle,"Figueroa, Angela",58,1968,Club Sparta A.C.,3,"1:36,22",96220,"1:30,67",90670,valid,"3 Figueroa, Angela 58 Club Sparta A.C. 1:36.22 1:30.67 6"
11,27,9,women 60-64 50 SC Meter freestyle,"Moyano, Claudia",60,1966,Club Sparta A.C.,1,"35,95",35950,"35,05",35050,valid,"1 Moyano, Claudia 60 Club Sparta A.C. 35.95 35.05 9"
11,28,9,women 60-64 50 SC Meter freestyle,"Case, Cynthia",64,1962,Master Providencia Chile,2,"35,50",35500,"35,75",35750,valid,"2 Case, Cynthia 64 Master Providencia Chile 35.50 35.75 7"
11,29,9,women 60-64 50 SC Meter freestyle,"Acencio, Claudia",63,1963,Master Providencia Chile,3,"41,56",41560,"42,81",42810,valid,"3 Acencio, Claudia 63 Master Providencia Chile 41.56 42.81 6"
11,30,9,women 60-64 50 SC Meter freestyle,"DI Paola, Laura",61,1965,Club Sparta A.C.,4,"50,02",50020,"50,35",50350,valid,"4 DI Paola, Laura 61 Club Sparta A.C. 50.02 50.35 5"
11,31,9,women 60-64 50 SC Meter freestyle,"Reyes L, Ma Irene",62,1964,Pedro Aguirre Cerda,5,"58,00",58000,"51,47",51470,valid,"5 Reyes L, Ma Irene 62 Pedro Aguirre Cerda 58.00 51.47 4"
11,32,9,women 60-64 50 SC Meter freestyle,"Lopez, Elena",64,1962,Club Sparta A.C.,6,"1:04,34",64340,"1:01,87",61870,valid,"6 Lopez, Elena 64 Club Sparta A.C. 1:04.34 1:01.87 3"
11,33,9,women 60-64 50 SC Meter freestyle,"Nader, Patricia",61,1965,Club Sparta A.C.,7,"1:15,21",75210,"1:06,11",66110,valid,"7 Nader, Patricia 61 Club Sparta A.C. 1:15.21 1:06.11 2"
11,35,9,women 65-69 50 SC Meter freestyle,"Concha, Elizabeth",68,1958,NÑ unñoa Master,,"57,00",57000,DNF,,dnf,"--- Concha, Elizabeth 68 NÑ unñoa Master 57.00 DNF"
11,37,9,women 70-74 50 SC Meter freestyle,"Obredor, Rosa",74,1952,Aquaclub Maipu,1,"53,19",53190,"58,79",58790,valid,"1 Obredor, Rosa 74 Aquaclub Maipu 53.19 58.79 9"
11,38,9,women 70-74 50 SC Meter freestyle,"Barrasa, Silvia",70,1956,Andes Talleres,2,"1:00,00",60000,"1:01,67",61670,valid,"2 Barrasa, Silvia 70 Andes Talleres 1:00.00 1:01.67 7"
11,39,9,women 70-74 50 SC Meter freestyle,"Ruiz, Alicia",70,1956,Andes Talleres,3,"1:01,23",61230,"1:01,82",61820,valid,"3 Ruiz, Alicia 70 Andes Talleres 1:01.23 1:01.82 6"
11,40,9,women 70-74 50 SC Meter freestyle,"Lusso, Berta",73,1953,Andes Talleres,4,"1:21,79",81790,"1:22,59",82590,valid,"4 Lusso, Berta 73 Andes Talleres 1:21.79 1:22.59 5"
11,42,9,women 75-79 50 SC Meter freestyle,"Nunñez, Elizabeth",77,1949,Master Providencia Chile,1,"52,84",52840,"55,51",55510,valid,"1 Nunñez, Elizabeth 77 Master Providencia Chile 52.84 55.51 9"
11,44,9,women 90-94 50 SC Meter freestyle,"Bush, Eliana",92,1934,Delfines DE Las Condes,1,NT,,"1:00,39",60390,valid,"1 Bush, Eliana 92 Delfines DE Las Condes NT 1:00.39 9"
11,46,10,men 19 & Under 50 SC Meter freestyle,"Benegas, Laureano",17,2009,Andes Talleres,1,"27,01",27010,"27,42",27420,valid,"1 Benegas, Laureano 17 Andes Talleres 27.01 27.42 9"
11,47,10,men 19 & Under 50 SC Meter freestyle,"Rodriguez, Joaquin",19,2007,Agua Plena San Rafael,2,"37,00",37000,"33,73",33730,valid,"2 Rodriguez, Joaquin 19 Agua Plena San Rafael 37.00 33.73 7"
11,49,10,men 20-24 50 SC Meter freestyle,"Galetto, Valentino",22,2004,Club Sparta A.C.,1,"27,35",27350,"27,44",27440,valid,"1 Galetto, Valentino 22 Club Sparta A.C. 27.35 27.44 9"
11,50,10,men 20-24 50 SC Meter freestyle,"Gimenez DE Michilis, Tobias",24,2002,Club Sparta A.C.,2,"29,05",29050,"29,26",29260,valid,"2 Gimenez DE Michilis, Tobias 24 Club Sparta A.C. 29.05 29.26 7"
12,5,10,men 20-24 50 SC Meter freestyle,"Gonzalez, Franco",23,2003,Andes Talleres,3,"31,00",31000,"32,13",32130,valid,"3 Gonzalez, Franco 23 Andes Talleres 31.00 32.13 6"
12,6,10,men 20-24 50 SC Meter freestyle,"Flores, Joseí Luis",20,2006,Pedro Aguirre Cerda,4,"29,99",29990,"32,41",32410,valid,"4 Flores, Joseí Luis 20 Pedro Aguirre Cerda 29.99 32.41 5"
12,7,10,men 20-24 50 SC Meter freestyle,"Martinez, Julio",21,2005,Andes Talleres,5,"34,55",34550,"33,30",33300,valid,"5 Martinez, Julio 21 Andes Talleres 34.55 33.30 4"
12,8,10,men 20-24 50 SC Meter freestyle,"Zapata Esquivel, Tomas Benjamin F.",24,2002,Aquaclub Maipu,6,"32,62",32620,"33,44",33440,valid,"6 Zapata Esquivel, Tomas Benjamin F. 24 Aquaclub Maipu 32.62 33.44 3"
12,9,10,men 20-24 50 SC Meter freestyle,"Caro, Martíín",20,2006,Pedro Aguirre Cerda,7,"34,10",34100,"34,08",34080,valid,"7 Caro, Martíín 20 Pedro Aguirre Cerda 34.10 34.08 2"
12,10,10,men 20-24 50 SC Meter freestyle,"Moron, Martin",22,2004,Club Azul Natacion Mendoza,8,"36,93",36930,"35,32",35320,valid,"8 Moron, Martin 22 Club Azul Natacion Mendoza 36.93 35.32 1"
12,11,10,men 20-24 50 SC Meter freestyle,"Chacoín, Manuel",20,2006,Club Sparta A.C.,9,"35,65",35650,"36,46",36460,valid,"9 Chacoín, Manuel 20 Club Sparta A.C. 35.65 36.46"
12,12,10,men 20-24 50 SC Meter freestyle,"Trilla, Ignacio",21,2005,Club Azul Natacion Mendoza,,"32,77",32770,DNF,,dnf,"--- Trilla, Ignacio 21 Club Azul Natacion Mendoza 32.77 DNF"
12,14,10,men 25-29 50 SC Meter freestyle,"Vollmer, Matias A",28,1998,Andes Talleres,1,"27,08",27080,"27,43",27430,valid,"1 Vollmer, Matias A 28 Andes Talleres 27.08 27.43 9"
12,15,10,men 25-29 50 SC Meter freestyle,"Ferro, Bruno A",26,2000,Club Sparta A.C.,2,"28,61",28610,"28,53",28530,valid,"2 Ferro, Bruno A 26 Club Sparta A.C. 28.61 28.53 7"
12,16,10,men 25-29 50 SC Meter freestyle,"Gonzalez, Daniel",27,1999,NÑ unñoa Master,3,"30,00",30000,"28,55",28550,valid,"3 Gonzalez, Daniel 27 NÑ unñoa Master 30.00 28.55 6"
12,17,10,men 25-29 50 SC Meter freestyle,"Ledda, Augusto",26,2000,Club Sparta A.C.,4,"27,49",27490,"28,89",28890,valid,"4 Ledda, Augusto 26 Club Sparta A.C. 27.49 28.89 5"
12,18,10,men 25-29 50 SC Meter freestyle,"Caro P, Cristoíbal Fdo",26,2000,Pedro Aguirre Cerda,5,"28,80",28800,"29,11",29110,valid,"5 Caro P, Cristoíbal Fdo 26 Pedro Aguirre Cerda 28.80 29.11 4"
12,19,10,men 25-29 50 SC Meter freestyle,"Rodriguez, Santi",27,1999,Club Azul Natacion Mendoza,6,"29,30",29300,"30,44",30440,valid,"6 Rodriguez, Santi 27 Club Azul Natacion Mendoza 29.30 30.44 3"
12,20,10,men 25-29 50 SC Meter freestyle,"Scandolera, Lucas",26,2000,Agua Plena San Rafael,7,"36,00",36000,"31,00",31000,valid,"7 Scandolera, Lucas 26 Agua Plena San Rafael 36.00 31.00 2"
12,21,10,men 25-29 50 SC Meter freestyle,"Ventura, Marcos",27,1999,Club Sparta A.C.,8,"31,38",31380,"31,16",31160,valid,"8 Ventura, Marcos 27 Club Sparta A.C. 31.38 31.16 1"
12,22,10,men 25-29 50 SC Meter freestyle,"Bolanños, Kleiber",29,1997,Pedro Aguirre Cerda,9,"36,50",36500,"31,97",31970,valid,"9 Bolanños, Kleiber 29 Pedro Aguirre Cerda 36.50 31.97"
12,23,10,men 25-29 50 SC Meter freestyle,"Meneses, Felipe",27,1999,Pedro Aguirre Cerda,10,"32,10",32100,"32,15",32150,valid,"10 Meneses, Felipe 27 Pedro Aguirre Cerda 32.10 32.15"
12,24,10,men 25-29 50 SC Meter freestyle,"Perez, Maximiliano",28,1998,Agua Plena San Rafael,11,"37,00",37000,"32,83",32830,valid,"11 Perez, Maximiliano 28 Agua Plena San Rafael 37.00 32.83"
12,25,10,men 25-29 50 SC Meter freestyle,"Talfiti, Facundo",28,1998,Aquaclub Maipu,12,"31,16",31160,"33,01",33010,valid,"12 Talfiti, Facundo 28 Aquaclub Maipu 31.16 33.01"
12,26,10,men 25-29 50 SC Meter freestyle,"Bustos Bastias, Brian Gabriel",28,1998,Club Sparta A.C.,13,"35,28",35280,"33,49",33490,valid,"13 Bustos Bastias, Brian Gabriel 28 Club Sparta A.C. 35.28 33.49"
12,27,10,men 25-29 50 SC Meter freestyle,"Ortega, Luciano",28,1998,Aquaclub Maipu,14,"32,20",32200,"35,02",35020,valid,"14 Ortega, Luciano 28 Aquaclub Maipu 32.20 35.02"
12,28,10,men 25-29 50 SC Meter freestyle,"Magallanes, Enzo",29,1997,Aquaclub Maipu,15,"34,36",34360,"35,39",35390,valid,"15 Magallanes, Enzo 29 Aquaclub Maipu 34.36 35.39"
12,29,10,men 25-29 50 SC Meter freestyle,"Ros, Matias",29,1997,Aquaclub Maipu,16,"37,85",37850,"37,23",37230,valid,"16 Ros, Matias 29 Aquaclub Maipu 37.85 37.23"
12,30,10,men 25-29 50 SC Meter freestyle,"Robledo, Mariano",26,2000,Club Sparta A.C.,,"37,21",37210,DNF,,dnf,"--- Robledo, Mariano 26 Club Sparta A.C. 37.21 DNF"
12,32,10,men 30-34 50 SC Meter freestyle,"Parra SM, Nicolaís",31,1995,Pedro Aguirre Cerda,1,"28,20",28200,"27,69",27690,valid,"1 Parra SM, Nicolaís 31 Pedro Aguirre Cerda 28.20 27.69 9"
12,33,10,men 30-34 50 SC Meter freestyle,"Mugnani Valero, Luciano",32,1994,Andes Talleres,2,"29,00",29000,"28,63",28630,valid,"2 Mugnani Valero, Luciano 32 Andes Talleres 29.00 28.63 7"
12,34,10,men 30-34 50 SC Meter freestyle,"Mallea, Abdo",33,1993,Club Sparta A.C.,3,"28,57",28570,"28,71",28710,valid,"3 Mallea, Abdo 33 Club Sparta A.C. 28.57 28.71 6"
12,35,10,men 30-34 50 SC Meter freestyle,"Becerra A., Martíín",30,1996,Pedro Aguirre Cerda,4,"30,08",30080,"29,51",29510,valid,"4 Becerra A., Martíín 30 Pedro Aguirre Cerda 30.08 29.51 5"
12,36,10,men 30-34 50 SC Meter freestyle,"Ortega, Atilio",32,1994,Club Sparta A.C.,5,"30,78",30780,"30,15",30150,valid,"5 Ortega, Atilio 32 Club Sparta A.C. 30.78 30.15 4"
12,37,10,men 30-34 50 SC Meter freestyle,"Castro, Alexis",34,1992,Master Providencia Chile,6,"30,55",30550,"31,16",31160,valid,"*6 Castro, Alexis 34 Master Providencia Chile 30.55 31.16 2. 50"
12,38,10,men 30-34 50 SC Meter freestyle,"Cantoro, Sergio",33,1993,Aquaclub Maipu,6,"29,14",29140,"31,16",31160,valid,"*6 Cantoro, Sergio 33 Aquaclub Maipu 29.14 31.16 2. 50"
12,39,10,men 30-34 50 SC Meter freestyle,"Ventura, Maxi",32,1994,Club Azul Natacion Mendoza,8,"32,76",32760,"32,47",32470,valid,"8 Ventura, Maxi 32 Club Azul Natacion Mendoza 32.76 32.47 1"
12,40,10,men 30-34 50 SC Meter freestyle,"Barrera, Diego",32,1994,Club Azul Natacion Mendoza,9,"37,00",37000,"33,01",33010,valid,"9 Barrera, Diego 32 Club Azul Natacion Mendoza 37.00 33.01"
12,41,10,men 30-34 50 SC Meter freestyle,"Alcaraz, Matias",33,1993,Club Sparta A.C.,10,"35,59",35590,"33,59",33590,valid,"10 Alcaraz, Matias 33 Club Sparta A.C. 35.59 33.59"
12,42,10,men 30-34 50 SC Meter freestyle,"Bront, Matias",31,1995,Club Sparta A.C.,11,"35,12",35120,"34,06",34060,valid,"11 Bront, Matias 31 Club Sparta A.C. 35.12 34.06"
12,43,10,men 30-34 50 SC Meter freestyle,"Morales, Jesus",33,1993,Club Sparta A.C.,12,"34,52",34520,"34,36",34360,valid,"12 Morales, Jesus 33 Club Sparta A.C. 34.52 34.36"
12,44,10,men 30-34 50 SC Meter freestyle,"Lelio, Leandro",30,1996,Club Sparta A.C.,13,"45,21",45210,"35,20",35200,valid,"13 Lelio, Leandro 30 Club Sparta A.C. 45.21 35.20"
12,45,10,men 30-34 50 SC Meter freestyle,"Romero, Gonzalo",33,1993,Club Sparta A.C.,14,"38,21",38210,"37,13",37130,valid,"14 Romero, Gonzalo 33 Club Sparta A.C. 38.21 37.13"
12,46,10,men 30-34 50 SC Meter freestyle,"Degiorgi, Emiliano",34,1992,Club Sparta A.C.,15,"39,33",39330,"38,22",38220,valid,"15 Degiorgi, Emiliano 34 Club Sparta A.C. 39.33 38.22"
12,47,10,men 30-34 50 SC Meter freestyle,"Magnenat, Javier",34,1992,Agua Plena San Rafael,,"37,00",37000,DNF,,dnf,"--- Magnenat, Javier 34 Agua Plena San Rafael 37.00 DNF"
12,48,10,men 30-34 50 SC Meter freestyle,"Maldonado, Nicolas",31,1995,Agua Plena San Rafael,,"54,00",54000,DNF,,dnf,"--- Maldonado, Nicolas 31 Agua Plena San Rafael 54.00 DNF"
12,50,10,men 35-39 50 SC Meter freestyle,"Alchapar, Oscar Alejandro",35,1991,Club Sparta A.C.,1,"27,76",27760,"28,66",28660,valid,"1 Alchapar, Oscar Alejandro 35 Club Sparta A.C. 27.76 28.66 9"
12,51,10,men 35-39 50 SC Meter freestyle,"Celaya, Ariel",36,1990,Aquaclub Maipu,2,"28,56",28560,"29,65",29650,valid,"2 Celaya, Ariel 36 Aquaclub Maipu 28.56 29.65 7"
12,52,10,men 35-39 50 SC Meter freestyle,"Castro, Javier",35,1991,Club Sparta A.C.,3,"29,96",29960,"30,30",30300,valid,"3 Castro, Javier 35 Club Sparta A.C. 29.96 30.30 6"
12,53,10,men 35-39 50 SC Meter freestyle,"Mansilla, Juan",35,1991,Club Sparta A.C.,4,"29,53",29530,"30,42",30420,valid,"4 Mansilla, Juan 35 Club Sparta A.C. 29.53 30.42 5"
12,54,10,men 35-39 50 SC Meter freestyle,"Rubin, Fernando",39,1987,Club DE Natacion Atlantis,5,"31,20",31200,"31,66",31660,valid,"5 Rubin, Fernando 39 Club DE Natacion Atlantis 31.20 31.66 4"
13,5,10,men 35-39 50 SC Meter freestyle,"Yanzon, Matias",39,1987,Club Sparta A.C.,6,"35,48",35480,"34,96",34960,valid,"6 Yanzon, Matias 39 Club Sparta A.C. 35.48 34.96 3"
13,6,10,men 35-39 50 SC Meter freestyle,"Barreto, Yuhneyber",39,1987,Pedro Aguirre Cerda,7,"35,40",35400,"37,36",37360,valid,"7 Barreto, Yuhneyber 39 Pedro Aguirre Cerda 35.40 37.36 2"
13,7,10,men 35-39 50 SC Meter freestyle,"Rodriguez, Alberto",36,1990,Club Sparta A.C.,8,"51,29",51290,"47,30",47300,valid,"8 Rodriguez, Alberto 36 Club Sparta A.C. 51.29 47.30 1"
13,8,10,men 35-39 50 SC Meter freestyle,"Nievas, Emmanuel",35,1991,Club Sparta A.C.,,"33,51",33510,DNF,,dnf,"--- Nievas, Emmanuel 35 Club Sparta A.C. 33.51 DNF"
13,10,10,men 40-44 50 SC Meter freestyle,"Peralta, Leonardo",43,1983,Aquaclub Maipu,1,"29,94",29940,"28,04",28040,valid,"1 Peralta, Leonardo 43 Aquaclub Maipu 29.94 28.04 9"
13,11,10,men 40-44 50 SC Meter freestyle,"Azevedo, Marcio",44,1982,Club Sparta A.C.,2,"27,66",27660,"28,38",28380,valid,"2 Azevedo, Marcio 44 Club Sparta A.C. 27.66 28.38 7"
13,12,10,men 40-44 50 SC Meter freestyle,"Castilla, Emiliano",43,1983,Andes Talleres,3,"30,00",30000,"30,53",30530,valid,"3 Castilla, Emiliano 43 Andes Talleres 30.00 30.53 6"
13,13,10,men 40-44 50 SC Meter freestyle,"Turela, Marcos",40,1986,Andes Talleres,4,"30,85",30850,"32,75",32750,valid,"4 Turela, Marcos 40 Andes Talleres 30.85 32.75 5"
13,14,10,men 40-44 50 SC Meter freestyle,"Calvet, Miguel",43,1983,Andes Talleres,5,"32,32",32320,"33,60",33600,valid,"5 Calvet, Miguel 43 Andes Talleres 32.32 33.60 4"
13,15,10,men 40-44 50 SC Meter freestyle,"Maron, Horacio",44,1982,Club Sparta A.C.,6,"35,00",35000,"33,76",33760,valid,"6 Maron, Horacio 44 Club Sparta A.C. 35.00 33.76 3"
13,16,10,men 40-44 50 SC Meter freestyle,"Martin, Leonardo",44,1982,Andes Talleres,7,"32,00",32000,"34,75",34750,valid,"7 Martin, Leonardo 44 Andes Talleres 32.00 34.75 2"
13,17,10,men 40-44 50 SC Meter freestyle,"Maza, Carlos",40,1986,Club Sparta A.C.,8,"36,27",36270,"34,85",34850,valid,"8 Maza, Carlos 40 Club Sparta A.C. 36.27 34.85 1"
13,18,10,men 40-44 50 SC Meter freestyle,"Escudero, Daniel",40,1986,Club Sparta A.C.,9,"39,65",39650,"37,06",37060,valid,"9 Escudero, Daniel 40 Club Sparta A.C. 39.65 37.06"
13,19,10,men 40-44 50 SC Meter freestyle,"Munñoz, Carlos",42,1984,Club Dep Master Magallanes,,"35,00",35000,DNF,,dnf,"--- Munñoz, Carlos 42 Club Dep Master Magallanes 35.00 DNF"
13,21,10,men 45-49 50 SC Meter freestyle,"Camargo, Pablo Sergio",46,1980,Aquaclub Maipu,1,"33,39",33390,"33,62",33620,valid,"1 Camargo, Pablo Sergio 46 Aquaclub Maipu 33.39 33.62 9"
13,22,10,men 45-49 50 SC Meter freestyle,"Profili, Osvaldo L",47,1979,Club Sparta A.C.,2,"33,87",33870,"33,83",33830,valid,"2 Profili, Osvaldo L 47 Club Sparta A.C. 33.87 33.83 7"
13,23,10,men 45-49 50 SC Meter freestyle,"Roman, Nestor M",47,1979,Club Sparta A.C.,3,"38,84",38840,"37,03",37030,valid,"3 Roman, Nestor M 47 Club Sparta A.C. 38.84 37.03 6"
13,24,10,men 45-49 50 SC Meter freestyle,"Catelino, Daniel",49,1977,Andes Talleres,4,"38,00",38000,"39,86",39860,valid,"4 Catelino, Daniel 49 Andes Talleres 38.00 39.86 5"
13,25,10,men 45-49 50 SC Meter freestyle,"Soria, Gabriel",47,1979,Master Providencia Chile,5,"47,19",47190,"48,25",48250,valid,"5 Soria, Gabriel 47 Master Providencia Chile 47.19 48.25 4"
13,27,10,men 50-54 50 SC Meter freestyle,"Boreto, Federico",50,1976,Andes Talleres,1,"29,00",29000,"30,06",30060,valid,"1 Boreto, Federico 50 Andes Talleres 29.00 30.06 9"
13,28,10,men 50-54 50 SC Meter freestyle,"Catalan, Marcelo",52,1974,Master Providencia Chile,2,"31,00",31000,"31,17",31170,valid,"2 Catalan, Marcelo 52 Master Providencia Chile 31.00 31.17 7"
13,29,10,men 50-54 50 SC Meter freestyle,"Lucero, Gaston",50,1976,Club Sparta A.C.,3,"33,39",33390,"31,71",31710,valid,"3 Lucero, Gaston 50 Club Sparta A.C. 33.39 31.71 6"
13,30,10,men 50-54 50 SC Meter freestyle,"Henrííquez, Pablo",54,1972,Andes Talleres,4,"34,99",34990,"36,93",36930,valid,"4 Henrííquez, Pablo 54 Andes Talleres 34.99 36.93 5"
13,31,10,men 50-54 50 SC Meter freestyle,"Sosa, Carlos",50,1976,Aquaclub Maipu,5,"40,47",40470,"39,05",39050,valid,"5 Sosa, Carlos 50 Aquaclub Maipu 40.47 39.05 4"
13,32,10,men 50-54 50 SC Meter freestyle,"Cabrera, Hernan",53,1973,Club Sparta A.C.,6,"39,87",39870,"39,79",39790,valid,"6 Cabrera, Hernan 53 Club Sparta A.C. 39.87 39.79 3"
13,33,10,men 50-54 50 SC Meter freestyle,"Romo, Fabri",52,1974,Club Azul Natacion Mendoza,7,"42,73",42730,"41,13",41130,valid,"7 Romo, Fabri 52 Club Azul Natacion Mendoza 42.73 41.13 2"
13,34,10,men 50-54 50 SC Meter freestyle,"Medina, Carlos",53,1973,Master Providencia Chile,8,"1:25,00",85000,"1:07,21",67210,valid,"8 Medina, Carlos 53 Master Providencia Chile 1:25.00 1:07.21 1"
13,36,10,men 55-59 50 SC Meter freestyle,"Smith, Carlos",58,1968,Master Providencia Chile,1,"32,45",32450,"33,37",33370,valid,"1 Smith, Carlos 58 Master Providencia Chile 32.45 33.37 9"
13,37,10,men 55-59 50 SC Meter freestyle,"Perissa, Alejandro",58,1968,Andes Talleres,2,"33,14",33140,"33,75",33750,valid,"2 Perissa, Alejandro 58 Andes Talleres 33.14 33.75 7"
13,38,10,men 55-59 50 SC Meter freestyle,"Figueroa, Miguel",59,1967,Club Azul Natacion Mendoza,3,"38,83",38830,"39,98",39980,valid,"3 Figueroa, Miguel 59 Club Azul Natacion Mendoza 38.83 39.98 6"
13,40,10,men 60-64 50 SC Meter freestyle,"Pavoni, Ricardo O",63,1963,Andes Talleres,1,NT,,"37,25",37250,valid,"1 Pavoni, Ricardo O 63 Andes Talleres NT 37.25 9"
13,41,10,men 60-64 50 SC Meter freestyle,"Oliva, Ricardo",61,1965,Club Sparta A.C.,2,"40,61",40610,"41,62",41620,valid,"2 Oliva, Ricardo 61 Club Sparta A.C. 40.61 41.62 7"
13,43,10,men 65-69 50 SC Meter freestyle,"Lucero, Carlos A",66,1960,Area Club San Luis,1,"34,75",34750,"37,07",37070,valid,"1 Lucero, Carlos A 66 Area Club San Luis 34.75 37.07 9"
13,44,10,men 65-69 50 SC Meter freestyle,"Cabello, Jorge",68,1958,Penñalolen Master,2,"34,00",34000,"37,99",37990,valid,"2 Cabello, Jorge 68 Penñalolen Master 34.00 37.99 7"
13,45,10,men 65-69 50 SC Meter freestyle,"Domina, Ricardo",67,1959,Club Sparta A.C.,3,"34,44",34440,"39,53",39530,valid,"3 Domina, Ricardo 67 Club Sparta A.C. 34.44 39.53 6"
13,46,10,men 65-69 50 SC Meter freestyle,"Cabello Tilleríía, Andre ís",69,1957,Penñalolen Master,4,"37,00",37000,"40,00",40000,valid,"4 Cabello Tilleríía, Andre ís 69 Penñalolen Master 37.00 40.00 5"
13,47,10,men 65-69 50 SC Meter freestyle,"Aguirre, Miguel",68,1958,Agua Plena San Rafael,5,"40,00",40000,"47,07",47070,valid,"5 Aguirre, Miguel 68 Agua Plena San Rafael 40.00 47.07 4"
13,48,10,men 65-69 50 SC Meter freestyle,"Perez, Rafael",67,1959,NÑ unñoa Master,6,"1:00,00",60000,"1:07,52",67520,valid,"6 Perez, Rafael 67 NÑ unñoa Master 1:00.00 1:07.52 3"
13,50,10,men 70-74 50 SC Meter freestyle,"Alvarez, Ricardo",73,1953,NÑ unñoa Master,1,"53,90",53900,"56,92",56920,valid,"1 Alvarez, Ricardo 73 NÑ unñoa Master 53.90 56.92 9"
14,5,10,men 75-79 50 SC Meter freestyle,"Guadalupe, Jaime",77,1949,Master Providencia Chile,1,"42,91",42910,"46,71",46710,valid,"1 Guadalupe, Jaime 77 Master Providencia Chile 42.91 46.71 9"
14,6,10,men 75-79 50 SC Meter freestyle,"Huerta, Oscar",75,1951,Penñalolen Master,2,"1:40,00",100000,"1:05,36",65360,valid,"2 Huerta, Oscar 75 Penñalolen Master 1:40.00 1:05.36 7"
14,8,10,men 80-84 50 SC Meter freestyle,"Andrada, Alfredo",81,1945,Penñalolen Master,1,"2:00,00",120000,"1:14,93",74930,valid,"1 Andrada, Alfredo 81 Penñalolen Master 2:00.00 1:14.93 9"
